CaseIdentifier,Charges,Locations,LocationScores,LocationEvidence,KeywordAfterOffences,Year,URL
[2023] SGHC 358,,,{},[],"Offences — Culpable homicide, Special exceptions — Diminished responsibility",2023,https://www.elitigation.sg/gd/s/2023_SGHC_358
[2023] SGHC 338,"3 Syed, a Malaysian national (31 years of age), pleaded guilty to one charge of being concerned in the delivery of 262.313kg of duty unpaid cigarettes, an offence under s 128H of the Customs Act (""Delivery Charge""); and another charge of storing 421.344kg o...; The High Court found it appropriate to do so because: (a) the offences under s 128F, s 128H and s 128(1)( b ) of the Customs Act targeted the same twin evils, (b) the legislative history of dealing with, importing and unloading uncustomed goods suggested th...; 37 In Ripon (involving an offence under s 128I(1)( b ) of the Customs Act), the High Court expressed its concern (at [6]) that the graphical curve approach in Pang Shuo (applied in Wong Jing Ho ) was ""overly complex and technical"" and opined that while grap...; It may be entirely fortuitous that an offender was caught at one step instead of another and we see no need to distinguish the culpabilities of two offenders purely by looking at which step in the chain they were charged with performing.; Any specific step in the smuggling chain is also likely to amount to a concurrent offence under s 128D.",Sembawang,"{""Sembawang"": 1.0}","[{""location"": ""Sembawang"", ""score"": 0.9, ""reason"": ""mention+event_preposition"", ""sentence"": ""Syed stored the remaining undelivered duty unpaid cigarettes inside Van 2, which was parked at the multi-storey carpark at Sembawang Crescent.""}, {""location"": ""Sembawang"", ""score"": 0.9, ""reason"": ""mention+event_preposition"", ""sentence"": ""Syed then drove Van 1 to the pick-up point at Sembawang Crescent pending further delivery instructions from Abang.""}]",Statutory offences — Customs Act,2023,https://www.elitigation.sg/gd/s/2023_SGHC_338
[2023] SGCA 36,"Lee was charged for being in possession of the Three Bundles for the purpose of trafficking, which is an offence under s 5(1)( a ) read with s 5(2) and punishable under s 33(1) of the Misuse of Drugs Act (Cap 185, 2008 Rev Ed) (the ""MDA"").; Yap was charged for trafficking by delivering the Three Bundles to Lee, which is an offence under s 5(1)( a ) punishable under s 33(1) of the MDA.; As Yap has not pointed to any specific case and it is clear that his co-accused, Lee, was charged with the same charge, there is no basis to argue that the Prosecution had breached his Art 12(1) rights in preferring and maintaining the trafficking charge ag...",Kallang,"{""Kallang"": 1.0}","[{""location"": ""Kallang"", ""score"": 2.1, ""reason"": ""mention+incident_sentence"", ""sentence"": ""It appears that counsel made this point in order to show that the location furnished by Lee in his Amended CFD and the alleged oversupply of heroin to him are materially corroborated by Yap's account on the delivery/retu""}, {""location"": ""Kallang"", ""score"": 2.1, ""reason"": ""mention+incident_sentence"", ""sentence"": ""Yap's admission undermines Lee's reliance on Yap's earlier account on the delivery/return of one block of cannabis to the Bendemeer or Kallang area as evidence that materially corroborated his Oversupply Defence.""}, {""location"": ""Kallang"", ""score"": 1.4, ""reason"": ""mention+legal_process_sentence+incident_sentence"", ""sentence"": ""Moreover, Lee's submission that the alleged oversupply of cannabis was corroborative of his claim that there was an oversupply of heroin did not get off the ground at all because Yap himself conceded under cross-examinat""}]",Statutory Offences - Misuse of Drugs Act,2023,https://www.elitigation.sg/gd/s/2023_SGCA_36
[2023] SGHC 312,"19 By the act of digitally penetrating the victim's vagina when the victim was 15 years old and whilst the accused was in a relationship with the victim that was exploitative of the victim, the accused committed an offence under s 376A(1)( b ) punishable un...; By digitally penetrating the victim's anus, when the victim was 15 years old and whilst the accused was in a relationship with the victim that was exploitative of the victim, the accused committed an offence under s 376A(1)( b ) punishable under s 376A(2)( ...; By digitally penetrating the victim's vagina, when the victim was 15 years old and whilst the accused was in a relationship with the victim that was exploitative of the victim, the accused committed an offence under s 376A(1)( b ) punishable under s 376A(2)...; 44 During the hearing on 18 September 2023, I sought clarification from the Prosecution as to whether they were taking the position that the very existence of an exploitative relationship in an offence under s 376A(2)( a ) per se would inevitably constitute...; However, as I pointed out to the Prosecution, the present case was unlike ABC in at least one critical aspect: unlike the offence under s 376(2) of the Penal Code referred to by Menon CJ in ABC , in the present case, the existence of an exploitative relatio...",,{},[],Offences — Sexual offences,2023,https://www.elitigation.sg/gd/s/2023_SGHC_312
[2023] SGHC 313,"(on the first occasion), at 27 Jalan Jintan #07-29, Singapore, did cause [the Complainant], a male then aged 20 years old, to penetrate your mouth with his penis without his consent and you have thereby committed an offence under section 376(1)( b ) punisha...; and 5.43 a.m., at 27 Jalan Jintan #07-29, Singapore, did penetrate with your finger the anus of [the Complainant], a male then aged 20 years old, without his consent and you have thereby committed an offence under section 376(2)( a ) punishable under sectio...; (on the second occasion), at 27 Jalan Jintan #07-29, Singapore, did cause [the Complainant], a male then aged 20 years old, to penetrate your mouth with his penis without his consent and you have thereby committed an offence under section 376(1)( b ) punish...; The Accused was accordingly convicted of all three charges.; 275 In Law Society of Singapore v Wong Sin Yee [2018] 5 SLR 1261, the respondent counsel (""W"") faced a complaint regarding his conduct when he had acted on behalf of a client charged with outraging the modesty of a woman.",Chinatown,"{""Chinatown"": 1.0}","[{""location"": ""Chinatown"", ""score"": 0.9, ""reason"": ""mention+event_preposition"", ""sentence"": ""13 On 8 August 2017, the Complainant met up with the Accused at about 10.00pm at Chinatown MRT station, after which they proceeded to have alcoholic drinks at various pubs and bars.""}, {""location"": ""Chinatown"", ""score"": 0.9, ""reason"": ""mention+event_preposition"", ""sentence"": ""27 On 8 August 2017, the Complainant met up with the Accused at Chinatown MRT at about 10.00pm, following which they visited a number of pubs and bars \u2013 Lime Bar, HQ, 1-Altitude, Caf\u00e9 Iguana and Sticky Fingers \u2013 to imbib""}]",Offences — Sexual offences,2023,https://www.elitigation.sg/gd/s/2023_SGHC_313
[2023] SGHC 310,"21 Second, Jason challenged each of the four elements for the offence under s 5( b )(i) of the PCA.; 39 The four elements of an offence under s 5( b )(i) of the PCA are as follows (see Kwang Boon Keong Peter v Public Prosecutor [1998] 2 SLR(R) 211 at [32] and Public Prosecutor v Tan Kok Ming Michael and other appeals [2019] 5 SLR 926 ("" Michael Tan "") at [...",,{},[],Appeal,2023,https://www.elitigation.sg/gd/s/2023_SGHC_310
[2023] SGHC 306,"6 The Appellant was originally charged with the following: 7 The Appellant does not dispute that he broke into the Victim's cabin on the Ship and removed her brassiere from the cabin without her consent.; The Appellant thus faced the following charges (the ""Charges""): 10 The Appellant admitted to the Agreed Statement of Facts setting out the relevant facts leading to the commission of the offences, and was subsequently convicted of the Charges by the DJ.; The accused was subsequently charged with having committed the offence of bigamy under s 494 of the Penal Code (Cap 224, 1985 Rev Ed) (the ""Penal Code 1985"") and was convicted and sentenced before the District Court.; Sections 380 and 451 of the Penal Code (which the Appellant is being charged with) do not on their own have extraterritorial application.; 68 However, it seems to us that reading s 180 of the MSA in this way could lead to the conclusion that any person of any nationality may be charged with any offence recognised as a crime in Singapore, simply by virtue of their presence in Singapore, so long...",,{},[],"Offences — Property — Theft, Offences — Property — House-breaking",2023,https://www.elitigation.sg/gd/s/2023_SGHC_306
[2023] SGHC 299,"However, it should be noted that at the start of the trial, the accused persons were charged with abetting , by conspiracy, offences under s 197(1)( b ) and s 201( b ) of the SFA as well as s 420 of the Penal Code.; I understood their submission to be that, even if the accused persons were convicted of the False Trading and Price Manipulation Charges, they were nevertheless not the cause of the Crash because they had not done anything to trigger it.; 153 At [1158]–[1165] below, I set out the threshold to be met in order for an offence under s 148(1) to be made out.; 164 I turn then to the principles underlying an offence under s 197(1)( b ) of the SFA.; These principles were necessary to determine whether any agreement that had been entered into by the accused persons was to do acts which would have substantively amounted to an offence under s 197(1)( b ).",,{},[],"Criminal conspiracy, Offences — Property — Cheating, Offences — Perverting the course of justice, Statutory Offences — Securities and Futures Act",2023,https://www.elitigation.sg/gd/s/2023_SGHC_299
[2023] SGHC 296,"41 While it is correct that the offence which arose for consideration in Huang Ying-Chun and for which a sentencing framework was devised was an offence under s 44(1)( a ) of the CDSA ( ie , an offence for assisting another to retain benefits from criminal ...",,{},[],"Appeal, Offences — Property — Criminal breach of trust, Statutory offences — Corruption, Drug Trafficking and Other Serious Crimes (Confiscation of Benefits) Act (Cap 65A, 2000 Rev Ed)",2023,https://www.elitigation.sg/gd/s/2023_SGHC_296
[2023] SGCA 30,"2 The charges in respect of the SAP offences read as follows: 3 Subsequently, at the sentencing hearing on 12 September 2022, the appellant pleaded guilty to, and was convicted on, a charge for sexual penetration of a minor under 16 years of age (oral-penil...; The relevant provision is s 376(1)( a ) of the Penal Code, which provides: Thus, the only elements required to be proven for an offence under s 376(1)( a ) of the Penal Code in the present context are: (a) the assailant penetrated the victim's mouth with hi...; 114 Like the Judge, we are satisfied that the Victims did not give genuine consent to the acts of fellatio, and the legal elements required to prove an offence under s 376(1)( a ) of the Penal Code are satisfied.",,{},[],Offences — Sexual offences,2023,https://www.elitigation.sg/gd/s/2023_SGCA_30
[2023] SGHC 278,,Woodlands; Chinatown,"{""Chinatown"": 0.2, ""Woodlands"": 1.0}","[{""location"": ""Woodlands"", ""score"": 2.7, ""reason"": ""mention+incident_sentence+event_preposition"", ""sentence"": ""24 In contrast, the appellant put forward in his account a series of bare and uncorroborated assertions, peppered with numerous inconsequential details such as first meeting the \""elderly uncle\"" at Woodlands on 10 Novembe""}, {""location"": ""Woodlands"", ""score"": 0.9, ""reason"": ""mention+event_preposition"", ""sentence"": ""9 According to the appellant, prior to his arrest, he purchased five packets of \""Butterfly\"" rolling tobacco from a nearby minimart in Woodlands on behalf of the Four Individuals.""}, {""location"": ""Chinatown"", ""score"": 0.9, ""reason"": ""mention+event_preposition"", ""sentence"": ""The Senior Officer's evidence was that he had interacted with the appellant on 27 January 2021 and not 31 January 2021 when he was buying a canned drink from Red Dot coffeeshop in Chinatown.""}, {""location"": ""Woodlands"", ""score"": 0.9, ""reason"": ""mention+event_preposition"", ""sentence"": ""He clarified that the appellant \""did not inform [him] about meeting an elderly uncle and a group of 4 individuals at Woodlands\"".""}]","Appeal, Statutory offences — Misuse of Drugs Act",2023,https://www.elitigation.sg/gd/s/2023_SGHC_278
[2023] SGHC 272,,,{},[],"Offences — Rape, Offences — Sexual offences",2023,https://www.elitigation.sg/gd/s/2023_SGHC_272
[2023] SGHC 265,"15 You are charged with ill-treating your stepchild, who was about six at the time, by causing him unnecessary physical suffering by hitting him over a year or so, with a belt, a hanger, and your hand; slapping; and punching him.",,{},[],"Offences — Rioting, Offences — Culpable homicide, Statutory offences — Misuse of Drugs Act, Statutory offences — Children and Young Persons Act",2023,https://www.elitigation.sg/gd/s/2023_SGHC_265
[2023] SGHC 263,"YOU ARE CHARGED at the instance of the Public Prosecutor and the [charge] against you [is]: That you, LIANG SHOON YEE , on 15 October 2019, at about 10.10 pm, in room 701 of Equarius Hotel located at Resorts World Sentosa, Singapore, did traffic in a Class ...; 35 Three elements must be proved beyond a reasonable doubt to establish an offence under s 5(1)( a ) read with s 5(2) of the MDA: Chong Hoon Cheong v Public Prosecutor [2022] 2 SLR 778 ("" Chong Hoon Cheong "") at [4]; Zainal bin Hamad v Public Prosecutor and...; Ramesh was subsequently arrested in possession of the bag of drugs and charged with possession of the drugs for the purpose of trafficking.; The accused was therefore aware that reporting a low rate of drug consumption would only be beneficial to him if he was charged with a drug consumption offence.; In the light of this agreement, the accused had ostensibly been hopeful that the ownership of most of the drugs would be solely attributed to Bob Smiley and that, as a result, the accused would eventually only be charged with drug consumption or, at the ver...",Sentosa; Woodlands,"{""Sentosa"": 1.0, ""Woodlands"": 0.111}","[{""location"": ""Sentosa"", ""score"": 2.1, ""reason"": ""mention+incident_sentence"", ""sentence"": ""YOU ARE CHARGED at the instance of the Public Prosecutor and the [charge] against you [is]: That you, LIANG SHOON YEE , on 15 October 2019, at about 10.10 pm, in room 701 of Equarius Hotel located at Resorts World Sentos""}, {""location"": ""Sentosa"", ""score"": 2.1, ""reason"": ""mention+incident_sentence"", ""sentence"": ""115 Accordingly, I exercise my power under s 128 of the Criminal Procedure Code to alter the Charge as follows (the \""Altered Charge\""): YOU ARE CHARGED and the charge against you is: That you, LIANG SHOON YEE, on 15 Octob""}, {""location"": ""Sentosa"", ""score"": 2.1, ""reason"": ""mention+incident_sentence"", ""sentence"": ""116 For completeness, I also frame the further charge of drug possession under s 8( a ) of the MDA with respect to the 58.64 grams of methamphetamine contained in Exhibits D1A1L3, D1A1H and D1A1L2A which I found were in ""}, {""location"": ""Sentosa"", ""score"": 0.9, ""reason"": ""mention+event_preposition"", ""sentence"": ""8 On the morning of 14 October 2019, the accused agreed to accompany Tenzin to a hotel in Sentosa.""}, {""location"": ""Sentosa"", ""score"": 0.9, ""reason"": ""mention+event_preposition"", ""sentence"": ""They reached the Equarius Hotel in Sentosa about 20 minutes later.""}, {""location"": ""Woodlands"", ""score"": 0.9, ""reason"": ""mention+event_preposition"", ""sentence"": ""After clearing the checkpoint, Ramesh received a bag containing bundles of diamorphine from Chander and drove off in another lorry which was parked at a carpark along Woodlands Road.""}]",Statutory offences — Misuse of Drugs Act,2023,https://www.elitigation.sg/gd/s/2023_SGHC_263
[2023] SGHC 261,"The Appellant pleaded guilty to a charge of dealing with duty unpaid cigarettes weighing 1,501.656kg on which excise duty of $794,185.84 was not paid, an offence under s 128I(1)( b ) of the Customs Act 1960 (the ""Customs Act"") punishable under s 128L(4) of ...; 31 In Mohamad Faizal , the offender was sentenced to 27 months' imprisonment for the relevant fresh offence under s 128H of the Customs Act for the delivery of duty unpaid cigarettes weighing 401.209kg on which excise duty of $193,687.20 was not paid.; Loo was charged with only 546.298 kg while the Appellant was charged with 1,501.656 kg.; Accordingly, he was charged with the reduced quantity only.",,{},[],Statutory offences — Customs Act 1960,2023,https://www.elitigation.sg/gd/s/2023_SGHC_261
[2023] SGCA 25,"14 In addition to all the above evidence pointing clearly to the appellant's guilt, when he was charged with murder and invited to make a cautioned statement, he failed to mention the defence of an accidental fall.",,{},[],Offences — Murder,2023,https://www.elitigation.sg/gd/s/2023_SGCA_25
[2023] SGHC 252,,,{},[],"Statutory offences — s 340 of the Companies Act (Cap 50, 2006 Rev Ed)",2023,https://www.elitigation.sg/gd/s/2023_SGHC_252
[2023] SGHC 235,"This is an offence under s 5(1)( a ) read with s 5(2) of the Misuse of Drugs Act (Cap 185, 2008 Rev Ed) (""the MDA"").; 3 The second accused, Mr Dineshkumar, faces a charge for the trafficking of the Drugs to Mr Tan on 25 February 2020, an offence under s 5(1)( a ) of the MDA.",,{},[],,2023,https://www.elitigation.sg/gd/s/2023_SGHC_235
[2023] SGHC 232,"She was charged with 11 charges of giving gratification to several personnel in Jurong Shipyard Pte Ltd (""JSPL""), of which ten were proceeded with at trial.",Sembawang,"{""Sembawang"": 1.0}","[{""location"": ""Sembawang"", ""score"": 0.9, ""reason"": ""mention+event_preposition"", ""sentence"": ""These charges involved various sums given to employees in Sembawang Shipyard as inducements to show favour to her company.""}]",Statutory offences — Prevention of Corruption Act,2023,https://www.elitigation.sg/gd/s/2023_SGHC_232
[2023] SGHC 225,"Chang was convicted of 19 charges under s 6( a ) of the PCA and one charge under s 5( a ) of the PCA.; Koh was convicted of 19 charges under s 6( b ) of the PCA and one charge under s 5( b ) of the PCA.; 53 For these reasons, I did not consider that the Prosecution's belated disclosure of P33–P37 warranted acquitting Koh of the 20 charges he was convicted of.; Nevertheless, any prejudice occasioned to Chang was limited, and did not demand that Chang be acquitted of the charges he was convicted of.; There, the appellant was a food and beverage manager at IKEA Singapore who was, at first instance, convicted of 80 charges under s 6( a ) of the PCA read with s 34 of the Penal Code (Cap 224, 2008 Rev Ed).",,{},[],Statutory offences — Prevention of Corruption Act,2023,https://www.elitigation.sg/gd/s/2023_SGHC_225
[2023] SGHC 224,,,{},[],Offences — Culpable homicide not amounting to murder,2023,https://www.elitigation.sg/gd/s/2023_SGHC_224
[2023] SGHC 202,"2 The appellant, Mr Tien Kiat Chong, pleaded guilty and was convicted of an amalgamated charge under the now-repealed s 509 of the Penal Code (Cap 224, 2008 Rev Ed) (""Penal Code"") read with s 124(4) of the Criminal Procedure Code (Cap 68, 2012 Rev Ed) for u...; In this regard, s 5(1) of the Probation of Offenders Act 1951 (2020 Rev Ed) provides: 6 As Sundaresh Menon CJ observed in the High Court decision of A Karthik v Public Prosecutor [2018] 5 SLR 1289 ("" A Karthik "") at [32], it is clear from the language of s ...; In the present case, the offence which the appellant was convicted of is not of that nature.; His admission to offences he had not been charged with is also very laudable.",,{},[],"Offences — Sexual offences — Section 509 of the Penal Code (Cap 224, 2008 Rev Ed)",2023,https://www.elitigation.sg/gd/s/2023_SGHC_202
[2023] SGCA 23,"1 The appellant, Muhammad Hamir B Laka, was convicted by a judge of the General Division of the High Court (the ""Judge"") of having in his possession for the purpose of trafficking, 39.71g of diamorphine (the ""Drugs""), an offence under s 5(1)( a ) read with ...",,{},[],Statutory offences — Misuse of Drugs Act,2023,https://www.elitigation.sg/gd/s/2023_SGCA_23
[2023] SGHC 188,"Offences under s 128D are punishable by a fine only under s 128L(2) of the Customs Act, which provides as follows: 14 Section 128L(7) of the Customs Act defines ""specified offence"" to include an offence under s 128D.; 20 The Prosecution submits that a sentencing framework for the offence under s 128D is desirable as there has been no consistency in the fines imposed by the State Courts.; 24 The respondent supports the adoption of the framework proposed by the Prosecution for the offence under s 128D of the Customs Act.; 26 Ms Wong agrees with the Prosecution that the appropriate sentencing framework for the offence under s 128D should involve the application of a multiplier to the amount evaded.; 36 The parties were largely in agreement that the offence under s 128D of the Customs Act has two aims.",,{},[],Statutory offences — Customs Act,2023,https://www.elitigation.sg/gd/s/2023_SGHC_188
[2023] SGHC 190,"38 In Tan , the offender was charged with criminal breach of trust.; The offender was charged with criminal conspiracy to cheat a company of a total sum of US$3.75m.; I do not place much weight on Tay as an indicator of the normal level of sentences imposed for an offence under s 420 of the Penal Code for two reasons.; Under that version of the Penal Code, the punishment for an offence under s 420 was a maximum imprisonment term of seven years with a liability to a fine.; I do not, however, find this case to be helpful for the purposes of this issue as it concerned charges under s 6( c ) of the Prevention of Corruption Act (Cap 241, 1993 Rev Ed) instead of the cheating offence under s 420 of the Penal Code.",,{},[],"Cheating, Abetment — Abetment by conspiracy",2023,https://www.elitigation.sg/gd/s/2023_SGHC_190
[2023] SGHC 187,"12 The Appellant had previously been convicted on 17 September 2019 of an offence under s 5(1) of the MEA, punishable under s 5(4)( a ) of the MEA, for which she was sentenced to a fine of $7,000.; An offence under s 9( d ) of the repealed MEA 2013 was taken into consideration.; 54 I accordingly set out the benchmark sentences applicable to an Archetypal Non-vice Case or an Archetypal Vice Case punishable under s 5(4)( a ) and s 5(4)( b ) of the MEA where the offender claims trial: 55 For a first-time offender who claims trial to a...; 56 For a repeat offender who claims trial to an offence under s 5(1) punishable under s 5(4)( b ) of the MEA, the benchmark sentence for an Archetypal Non-vice Case should be a fine of $15,000.; Further, they could even be construed as a concession that she had failed to exercise reasonable care, where this is a possible defence to the strict liability offence under s 5(1) of the MEA.",,{},[],"Offences — Public decency and morals, Statutory offences — Massage Establishments Act 2017 (2020 Rev Ed)",2023,https://www.elitigation.sg/gd/s/2023_SGHC_187
[2023] SGHC 181,"9 The Prosecution submitted below that the appropriate sentencing framework for an offence under s 323 of the PC was the ""two-step sentencing band"" framework as laid down in Low Song Chye v Public Prosecutor and another appeal [2019] 5 SLR 526 ("" Low Song C...; 55 In calibrating the sentence to be imposed, the DJ adopted the Prosecution's proposed modified framework based on the Low Song Chye framework, which applies to first-time offenders who plead guilty to an offence under s 323 of the PC.",,{},[],,2023,https://www.elitigation.sg/gd/s/2023_SGHC_181
[2023] SGHC 182,,,{},[],Statutory offences — Misuse of Drugs Act,2023,https://www.elitigation.sg/gd/s/2023_SGHC_182
[2023] SGHC 179,,Woodlands; Yishun,"{""Woodlands"": 1.0, ""Yishun"": 0.778}","[{""location"": ""Yishun"", ""score"": 2.1, ""reason"": ""mention+incident_sentence"", ""sentence"": ""2 The Appellant, Mr Tham Saik Mun Simon, was charged before the District Court with an offence of drink-driving punishable under s 67(1)( b ) of the Road Traffic Act (Cap 276, 2004 Rev Ed) (\""RTA\""), for driving a motor va""}, {""location"": ""Woodlands"", ""score"": 0.9, ""reason"": ""mention+event_preposition"", ""sentence"": ""10 At Woodlands Police Division HQ, at or around 4.04am that day, Police Sergeant Mohamed Hafiz bin Mohamed Sidek (the \""Administering Officer\"") conducted a breathalyser test on the Appellant.""}, {""location"": ""Woodlands"", ""score"": 0.9, ""reason"": ""mention+event_preposition"", ""sentence"": ""42 However, even taking the Appellant's case at its highest and even assuming that the Appellant had applied the Bonjela gel after he was arrested and en route to Woodlands Police HQ, he would have orally applied the Bon""}, {""location"": ""Woodlands"", ""score"": 0.9, ""reason"": ""mention+event_preposition"", ""sentence"": ""42 However, even taking the Appellant's case at its highest and even assuming that the Appellant had applied the Bonjela gel after he was arrested and en route to Woodlands Police HQ, he would have orally applied the Bon""}]",Statutory offences — Road Traffic Act,2023,https://www.elitigation.sg/gd/s/2023_SGHC_179
[2023] SGHC 173,81 The elements of an offence under s 5(1)( a ) read with s 5(2) of the MDA were laid out in Mohammad Rizwan bin Akbar Husain v PP and another appeal and other matters [2014] 3 SLR 721 at [59] and are as follows: 82 Several presumptions may apply in respect...,Tampines; Bedok,"{""Bedok"": 0.222, ""Tampines"": 1.0}","[{""location"": ""Tampines"", ""score"": 0.9, ""reason"": ""mention+event_preposition"", ""sentence"": ""6 Shortly thereafter, the accused drove the white car from Fourth Lok Yang Road to a Housing Development Board (\""HDB\"") block in Tampines, with Hanis still seated in the front passenger seat.""}, {""location"": ""Bedok"", ""score"": 0.9, ""reason"": ""mention+event_preposition"", ""sentence"": ""They agreed to meet in Bedok for the accused to collect this order.""}, {""location"": ""Tampines"", ""score"": 0.9, ""reason"": ""mention+event_preposition"", ""sentence"": ""After spending some time waiting in the car at Marina South Pier, Travis left the car and told the accused to meet Hari back in Tampines.""}, {""location"": ""Tampines"", ""score"": 0.9, ""reason"": ""mention+event_preposition"", ""sentence"": ""Upon meeting Travis at the muti-storey carpark, the accused was asked by Travis, ostensibly on the instructions of Hari, to meet Hanis, another friend of Hari's, at another HDB block in Tampines.""}, {""location"": ""Tampines"", ""score"": 0.9, ""reason"": ""mention+event_preposition"", ""sentence"": ""23 When the accused and Hanis reached Sherane's block in Tampines, he parked the car and stepped out of it.""}, {""location"": ""Tampines"", ""score"": 0.9, ""reason"": ""mention+event_preposition"", ""sentence"": ""The accused testified that the messages sent to Hari after 3.29pm had been sent by Travis, as the accused had met with Travis again back at Tampines.""}, {""location"": ""Tampines"", ""score"": 0.9, ""reason"": ""mention+event_preposition"", ""sentence"": ""56 Upon meeting the accused in Tampines, Hari told the accused to meet Travis again at a nearby block.""}, {""location"": ""Tampines"", ""score"": 0.9, ""reason"": ""mention+event_preposition"", ""sentence"": ""Travis then told the accused to drive to meet Hanis at another block in Tampines.""}, {""location"": ""Tampines"", ""score"": 0.9, ""reason"": ""mention+event_preposition"", ""sentence"": ""After that, the accused drove back to Sherane's block in Tampines, whereupon he was arrested when he got out of the car.""}, {""location"": ""Bedok"", ""score"": 0.9, ""reason"": ""mention+event_preposition"", ""sentence"": ""59 The explanation the accused gave for going along with Hari's instructions throughout the day was that he was already happy to have received 1.25g of free methamphetamine from Hari when they first met at Bedok.""}, {""location"": ""Tampines"", ""score"": 0.9, ""reason"": ""mention+event_preposition"", ""sentence"": ""At 5.45pm on 27 September 2018, when Hanis had entered the accused's car in Tampines but they had not left for Lok Yang yet, 208 Foot Note 208 \u00d7 Exhibit P96 at p 20 S/N 345\u2013359.""}]",Statutory offences — Misuse of Drugs Act,2023,https://www.elitigation.sg/gd/s/2023_SGHC_173
[2023] SGHC 170,"23 The elements of an offence under s 5(1)( a ) of the MDA are well-established ( Muhammad Ridzuan bin Md Ali v Public Prosecutor and other matters [2014] 3 SLR 721 at [59]): 24 As noted above at [20], Yogesswaran does not dispute that he possessed the Rele...",,{},[],Statutory Offences — Misuse of Drugs Act,2023,https://www.elitigation.sg/gd/s/2023_SGHC_170
[2023] SGHC 169,The writers were obviously unaware then that he would be charged with as many as 17 offences.,,{},[],"Abetment, Offences — Rape, Offences — Sexual offences",2023,https://www.elitigation.sg/gd/s/2023_SGHC_169
[2023] SGHC 165,21 Kumaran made three such deliveries for Raja before the delivery which constituted the offence he was charged with in the present case.; 58 Section 33B(1)( b ) of the MDA provides that a person convicted of an offence under s 5(1) shall be sentenced to life imprisonment instead of death if the requirements of s 33B(3) are satisfied.,,{},[],Statutory offences — Misuse of Drugs Act,2023,https://www.elitigation.sg/gd/s/2023_SGHC_165
[2023] SGCA 18,"The Court of Appeal made it clear at [76] that moving forward, offenders convicted of rape and robbery should not expect to benefit from similar leniency and a sentence of 17 years' imprisonment and 24 strokes of the cane would not, in similar circumstances...; moving forward, offenders who are convicted of rape and robbery should not expect to benefit from similar leniency, and a sentence such as the aggregate sentence of 17 years' imprisonment and 24 strokes of the cane that was meted out by the Judge [in Chang ...",,{},[],,2023,https://www.elitigation.sg/gd/s/2023_SGCA_18
[2023] SGHC 157,"2 The charge against Yeo was that on 6 March 2018 at about 2.35am in the vicinity of Block 635C Punggol Drive (""Blk 635C""), he had trafficked in a controlled drug by having the Drugs in his possession for the purpose of trafficking , thereby committing an o...; 3 The charge against Nagaiah was that on 6 March 2018 at about 2.18am at bus stop 65311 located at Oasis LRT Station (the ""Bus Stop""), he had trafficked in a controlled drug by delivering the Drugs to Yeo, thereby committing an offence under s 5(1)( a ) of ...; I will deal with these central issues in the course of going through the elements of the respective offences they have been charged with.; 34 As noted above, Yeo was charged with possession for the purpose of trafficking.",Punggol; Pasir Ris,"{""Pasir Ris"": 0.176, ""Punggol"": 1.0}","[{""location"": ""Punggol"", ""score"": 2.1, ""reason"": ""mention+incident_sentence"", ""sentence"": ""2 The charge against Yeo was that on 6 March 2018 at about 2.35am in the vicinity of Block 635C Punggol Drive (\""Blk 635C\""), he had trafficked in a controlled drug by having the Drugs in his possession for the purpose of ""}, {""location"": ""Punggol"", ""score"": 2.1, ""reason"": ""mention+incident_sentence"", ""sentence"": ""Yeo then called \""Danny\"" and asked the latter to instruct the driver to stop \""at the bus stop after the traffic light\"", which would have been the bus stop in the vicinity of Block 615 Punggol Drive (\""Blk 615\"").""}, {""location"": ""Pasir Ris"", ""score"": 0.9, ""reason"": ""mention+event_preposition"", ""sentence"": ""He was arrested at about 9.40pm on 7 March 2018 along Pasir Ris Drive 12.""}, {""location"": ""Punggol"", ""score"": 0.9, ""reason"": ""mention+event_preposition"", ""sentence"": ""52 I should pause to note that there was actually no building known as \""Block 617\"" at Punggol Drive.""}]",Statutory offences — Misuse of Drugs Act,2023,https://www.elitigation.sg/gd/s/2023_SGHC_157
[2023] SGHC 155,"24 The Defence argued that the ""bodily injury"" identified for the purposes of an offence under s 300( c ) of the Penal Code and to which the test in Virsa Singh v State of Punjab AIR 1958 SC 465 ("" Virsa Singh "") is to be applied must be the injury that had...; The Virsa Singh test sets out the elements that must be proven for an offence under s 300( c ) of the Penal Code and has been consistently endorsed by the Court of Appeal as part of Singapore law.; The offender was charged with two offences under s 325 of the Penal Code as well as four other charges under the CYPA.; I agreed with the Prosecution that in so far as this factor was concerned, this case could be distinguished from BDB as the Court of Appeal in that case had the option of consecutive sentencing because the offender was convicted of four distinct charges.",,{},[],Offences — Murder,2023,https://www.elitigation.sg/gd/s/2023_SGHC_155
[2023] SGHC 146,"She was charged with murder the following day.; 4 The accused was charged with murder under s 300(c) read with s 302(2) of the Penal Code (Cap 224, 2008 Rev Ed), for inflicting multiple stab wounds on the deceased with a knife, with intention to cause those injuries, which injuries are sufficient in the ...",,{},[],"Offences — Murder, Special exceptions — Diminished responsibility",2023,https://www.elitigation.sg/gd/s/2023_SGHC_146
[2023] SGHC 142,"80 Mustaqim claimed that when the interpreter told him that he would get the death sentence if he was convicted of the Charge, he was shocked.; 283 Section 33(1) of the MDA read with the Second Schedule to the MDA prescribes that an offence under s 5(1) involving more than 15g of diamorphine is punishable by death.",,{},[],Statutory offences — Misuse of Drugs Act,2023,https://www.elitigation.sg/gd/s/2023_SGHC_142
[2023] SGCA 15,,,{},[],Statutory offences — Misuse of Drugs Act,2023,https://www.elitigation.sg/gd/s/2023_SGCA_15
[2023] SGHC 136,,,{},[],"Offences — Rape, Offences — Sexual offences, Offences — Outrage of modesty",2023,https://www.elitigation.sg/gd/s/2023_SGHC_136
[2023] SGHC 130,"54 It is a fundamental principle of criminal law that an accused person must know what he is charged with ( Viswanathan Ramachandran v Public Prosecutor [2003] 3 SLR(R) 435 at [24]).; The charge must contain details of the time and place of the alleged offence and the person, if any, against whom or the thing, if any, in respect of which it was committed, as are reasonably sufficient to give the accused notice of what he is charged with ...; Bearing in mind the elements of an offence under s 5( a )(i) read with s 29( a ) of the PCA (see [93]–[95] below), and that a charge should apprise an accused person of the case he has to meet, what is important, and intimated by the PCA Charges, is that He...; 65 I also consider it significant that the mens rea of an offence under s 44(1) of the CDSA is not limited to actual knowledge but extends to having reasonable grounds to believe.; In other words, it suffices, in respect of an offence under s 44 of the CDSA, for the Prosecution to prove that individual A has reasonable grounds to believe that the moneys he was dealing with were the benefits of criminal conduct, that the arrangement wo...",,{},[],"Appeal, Criminal conspiracy, Statutory offences — Prevention of Corruption Act",2023,https://www.elitigation.sg/gd/s/2023_SGHC_130
[2023] SGHC 123,"This is in line with Explanation 2 to s 499 of the Penal Code: 19 Thus, there are three elements to the offence of criminal defamation under s 499 of the Penal Code: 20 There are several exceptions to the offence under s 499.; It reads as follows: 27 As observed earlier at [23], the effect of s 11 of the Penal Code and Explanation 2 to s 499 of the Penal Code is that the victims of an offence under s 499 – ie , the allegedly defamed persons – need not be individual persons and ma...; Hence, in the context of s 499, framing the alleged victims of the criminal defamation charge as ""members of the Cabinet"" is ""reasonably sufficient to give the accused notice of what the accused is charged with"", as is required under s 124(1) of the CPC.; Essentially, the Legislature is charged with making laws, the Executive with governing the country according to those laws, and the Judiciary with the responsibility for adjudicating individual cases by pronouncing on the meaning of the laws: Tan Seet Eng v...; 103 Section 3(1) of the CMA reads as follows: 104 There are two elements to the offence under s 3(1) of the CMA.",Chinatown,"{""Chinatown"": 1.0}","[{""location"": ""Chinatown"", ""score"": 0.9, ""reason"": ""mention+event_preposition"", ""sentence"": ""4 On 4 September 2018, at an Internet cafe located in Chinatown, the second appellant sent an email which he had written titled \""PAP MP apologises to SDP\"" (\""the Email\"") from the email account \""willysim71@yahoo.com.sg\"" (\""""}]","Defamation, Statutory offences — Computer Misuse Act",2023,https://www.elitigation.sg/gd/s/2023_SGHC_123
[2023] SGCA 14,"2 The appellants were each initially charged with a second offence concerning the trafficking of 2329.1g of cannabis mixture.; 103 First, s 258(5) of the CPC is a statutory provision that regulates the admissibility of a confession made by a co-accused person who has been charged with the same offence into evidence in the context of a joint trial (see The Criminal Procedure Code of...; If we were to accept Mr Jumabhoy's suggestion that the scope of the pre-amended s 258(5) extends to the use of any statement made by a co-accused person in the course of cross-examining an accused person, it would render it extremely difficult, if not impos...; Indeed, the Prosecution explicitly stated in its written submissions that it ""[would] not be relying on Dzulkarnain's statements given that Dzulkarnain and Sanjay [were] charged with different offences"".",Chinatown,"{""Chinatown"": 1.0}","[{""location"": ""Chinatown"", ""score"": 0.9, ""reason"": ""mention+event_preposition"", ""sentence"": ""In the early morning of 23 February 2015, Sanjay met Dzulkarnain at People's Park Complex in Chinatown and informed him that he would be paid $250 initially, and another $250 upon completion of the job.""}]",Statutory offences — Misuse of Drugs Act,2023,https://www.elitigation.sg/gd/s/2023_SGCA_14
[2023] SGCA 12,"In the circumstances, Noor was correctly convicted of the charge of importing not less than 12 bundles containing not less than 212.57g of diamorphine in furtherance of the common intention with Zaini.; The Trial Charge against Mutaleb is therefore amended to the modified Proposed Charge as shown below: You, on 11 September 2015, in Singapore, did attempt to have in your possession not less than twelve (12) bundles containing 5,520.4 grams of granular/powd...",,{},[],Statutory offences — Misuse of Drugs Act,2023,https://www.elitigation.sg/gd/s/2023_SGCA_12
[2023] SGCA 13,"3 On 9 October 2018, the applicant was convicted by a Judge of the General Division of the High Court (the ""Judge"") on a capital charge of abetting with one Mogan Valo (""Mogan"") by engaging in a conspiracy to traffic in cannabis by delivering 1017.9g of can...",,{},[],,2023,https://www.elitigation.sg/gd/s/2023_SGCA_13
[2023] SGHC 109,"Providing payment services without a licence is an offence under s 5(3) of the PSA.; 51 On the first criterion of the offence invariably manifesting itself in a particular way, the respondent submits that the offence under s 5(3)( a ) of the PSA of carrying on a payment services business (in particular, money remittance) without a licence g...; In determining whether an offence is regulatory in nature, I concur broadly with the views of the District Judge in Public Prosecutor v Hamida Binti Sultan Abdul Kader [2021] SGDC 38 at [15]: 61 I find that an offence under s 5(3)( a ) of the PSA would be p...; Furthermore, as the respondent observed at the hearing, an offence under s 5(3)( a ) is a strict liability offence.",,{},[],Statutory offences — Payment Services Act 2019,2023,https://www.elitigation.sg/gd/s/2023_SGHC_109
[2023] SGHC 95,"13 In Muhammad Ridzuan bin Md Ali v Public Prosecutor and other matters [2014] 3 SLR 721 (at [59]), the Court of Appeal summarised the three elements of an offence under s 5(1)( a ) read with s 5(2) of the MDA as follows: 14 I start by dealing with element ...; 125 In the circumstances, I find that the elements of the offence under s 5(1)( a ) read with s 5(2) of the MDA are made out in respect of both Low and Sivaprakash.; His instructions, and indeed the role that he was carrying out in the offence under s 5(1)( a ) of the MDA, were simply to deliver the contents of the white plastic bag to someone who would be waiting for him at Blk 986C Buangkok Crescent.",,{},[],Statutory offences — Misuse of Drugs Act,2023,https://www.elitigation.sg/gd/s/2023_SGHC_95
[2023] SGHC 93,The Accused is thus convicted of all four charges set out at [9] above.; The maximum sentence for an offence under s 509 of the Penal Code is one year's imprisonment and/or a fine.,Jurong,"{""Jurong"": 1.0}","[{""location"": ""Jurong"", ""score"": 0.9, ""reason"": ""mention+event_preposition"", ""sentence"": ""48 That night, PW4 met the Complainant at the canteen, where they had dinner before he brought her to a police station in Jurong to lodge a report.""}, {""location"": ""Jurong"", ""score"": 0.9, ""reason"": ""mention+event_preposition"", ""sentence"": ""The timing and location of the report is entirely consistent with the Complainant's evidence that she finally resolved to make the report after the Third Incident in January 2019, and that she had made her police report ""}]","Offences — Sexual offences — Outrage of modesty — Whether complainant's testimony corroborated, Offences — Sexual offences — Outrage of modesty — Whether complainant's testimony unusually convincing",2023,https://www.elitigation.sg/gd/s/2023_SGHC_93
[2023] SGHC 74,"As alluded to at the outset at [3], it is well-established that in order for an accused to be convicted of an offence based on the complainant's testimony alone, the complainant's evidence must be unusually convincing to overcome any doubt that might arise ...",Tampines; Choa Chu Kang; Bishan; Pasir Ris,"{""Bishan"": 0.208, ""Choa Chu Kang"": 0.415, ""Pasir Ris"": 0.069, ""Tampines"": 1.0}","[{""location"": ""Tampines"", ""score"": 2.7, ""reason"": ""mention+incident_sentence+event_preposition"", ""sentence"": ""10 In addition, Mr Loh advanced alibi defences to show that he was not at Tampines Stadium on the likely dates of the alleged offences.""}, {""location"": ""Tampines"", ""score"": 2.7, ""reason"": ""mention+incident_sentence+event_preposition"", ""sentence"": ""Mr Loh argues that he only needs to raise a reasonable doubt that he was not at Tampines Stadium at the material time of the alleged offences.""}, {""location"": ""Choa Chu Kang"", ""score"": 2.7, ""reason"": ""mention+incident_sentence+event_preposition"", ""sentence"": ""137 First, I find it probable that Ms Monteiro would have been at Choa Chu Kang stadium early in the morning that day.""}, {""location"": ""Tampines"", ""score"": 2.0, ""reason"": ""mention+legal_process_sentence+incident_sentence+event_preposition"", ""sentence"": ""The Prosecution further submits that even on the lower threshold of reasonable doubt, Mr Loh has not adduced sufficient evidence to raise a reasonable doubt that he was not at Tampines Stadium at the material time of the""}, {""location"": ""Tampines"", ""score"": 2.0, ""reason"": ""mention+legal_process_sentence+incident_sentence+event_preposition"", ""sentence"": ""99 With that said, the Prosecution argues that even on the lower threshold, Mr Loh has not adduced sufficient evidence to raise a reasonable doubt that he was not at Tampines Stadium because he was somewhere else at the ""}, {""location"": ""Choa Chu Kang"", ""score"": 0.9, ""reason"": ""mention+event_preposition"", ""sentence"": ""20 On 4 June 2021, Mr Loh filed HC/CM 54/2021 to adduce fresh evidence consisting of a statutory declaration from Ms Amelia Monteiro (\""Ms Monteiro\"") dated 21 Oct 2020, testifying that she was with Mr Loh at Choa Chu Kang""}, {""location"": ""Tampines"", ""score"": 0.9, ""reason"": ""mention+event_preposition"", ""sentence"": ""In the present case, in accordance with Syed Abdul Aziz and Vignes , Mr Loh only bears an evidential burden, and an acquittal must follow should reasonable doubt be raised that at the material time, he was not at Tampine""}, {""location"": ""Pasir Ris"", ""score"": 0.9, ""reason"": ""mention+event_preposition"", ""sentence"": ""He had gone marketing with his wife at a market in Pasir Ris and another market in Tampines in the morning from around 10am to 12pm.""}, {""location"": ""Tampines"", ""score"": 0.9, ""reason"": ""mention+event_preposition"", ""sentence"": ""He had gone marketing with his wife at a market in Pasir Ris and another market in Tampines in the morning from around 10am to 12pm.""}, {""location"": ""Bishan"", ""score"": 0.9, ""reason"": ""mention+event_preposition"", ""sentence"": ""106 Mr Loh maintains that he was at Bishan Stadium conducting school training for CHIJ Toa Payoh students on 15 March 2013.""}, {""location"": ""Bishan"", ""score"": 0.9, ""reason"": ""mention+event_preposition"", ""sentence"": ""He testified that the training started at around 3.30pm and he was at Bishan Stadium before 3.30pm.""}, {""location"": ""Bishan"", ""score"": 0.9, ""reason"": ""mention+event_preposition"", ""sentence"": ""To recapitulate, Mr Toh asked Ms C at 9.47am on 15 March 2013 whether Mr Loh would be conducting any training at Bishan Stadium, to which Ms C responded \"" Tampines !!!""}, {""location"": ""Tampines"", ""score"": 0.9, ""reason"": ""mention+event_preposition"", ""sentence"": ""While these messages suggest that Mr Loh might have intended to conduct training at Tampines stadium on 15 March 2013, they do not clearly show that any individual training session for Ms C was confirmed with Mr Loh (or ""}, {""location"": ""Choa Chu Kang"", ""score"": 0.9, ""reason"": ""mention+event_preposition"", ""sentence"": ""On that day, he was at Choa Chu Kang Stadium sometime after 8am because he was organising the Singapore National Games.""}, {""location"": ""Choa Chu Kang"", ""score"": 0.9, ""reason"": ""mention+event_preposition"", ""sentence"": ""Ms Monteiro admitted that she had \""mixed up the chronology of events\"" in her statutory declaration by reading the competition schedule wrongly, but maintained that she had been at Choa Chu Kang Stadium \""very early in the""}, {""location"": ""Tampines"", ""score"": 0.9, ""reason"": ""mention+event_preposition"", ""sentence"": ""In relation to the second charge, Mr Loh has shown a reasonable doubt as to his presence at Tampines Stadium on 15 March 2013.""}]",,2023,https://www.elitigation.sg/gd/s/2023_SGHC_74
[2023] SGHC 60,,,{},[],Statutory offences — Misuse of Drugs Act,2023,https://www.elitigation.sg/gd/s/2023_SGHC_60
[2023] SGHC 62,"The Prosecution further submitted that guidance from this court on when the custodial threshold would be crossed for an offence under s 35(1) RTA would be appropriate.; 17 The Prosecution, however, acknowledged that following the Amendment Act, there were difficulties in determining a consistent sentencing approach, in particular, the circumstances under which a custodial sentence would be warranted for an offence under s ...; It was the Prosecution's position that an offence under s 35(1) RTA is a relatively technical one, as the substance of the offence is non-compliance with a regulatory requirement, ie , driving without a valid driving licence.; Accordingly, there is little variation in the way an offence under s 35(1) RTA manifests.; 41 The benchmark approach would also facilitate consistency between the approach taken to sentencing for an offence under s 35(1) RTA and an offence under s 43(4) RTA, which is the offence of driving while under disqualification.",Bukit Timah,"{""Bukit Timah"": 1.0}","[{""location"": ""Bukit Timah"", ""score"": 2.1, ""reason"": ""mention+incident_sentence"", ""sentence"": ""54 Indeed, the application of s 35(1) RTA to Qualified Drivers was pointed out by Mr Christopher de Souza (MP for Holland-Bukit Timah) (\"" Mr de Souza \"") during the Second Reading of the Road Traffic (Amendment) Bill 2019""}]",Statutory offences — Road Traffic Act,2023,https://www.elitigation.sg/gd/s/2023_SGHC_62
[2023] SGCA 9,"1 In a case where an accused person has been charged with drug trafficking and his defence was that he intended to consume the entirety of the drugs in his possession, must the court apportion and deduct a quantity meant for his own consumption from that am...",,{},[],,2023,https://www.elitigation.sg/gd/s/2023_SGCA_9
[2023] SGCA 8,"8 The Applicant was charged with abetting one Mogan Valo (""Mogan"") by engaging in a conspiracy with him to traffic in cannabis by delivering 1017.9g of cannabis (the ""Drugs"") to himself, an offence under s 5(1)( a ) of the Misuse of Drugs Act (Cap 185, 2008...",,{},[],,2023,https://www.elitigation.sg/gd/s/2023_SGCA_8
[2023] SGHC 41,"The Appellant was charged with and convicted after trial of one charge under s 323 of the Penal Code (Cap 224, 2008 Rev Ed) (""Penal Code"") for voluntarily causing hurt to another driver (""the Victim"").",,{},[],Offences — Voluntarily Causing Hurt — Road rage,2023,https://www.elitigation.sg/gd/s/2023_SGHC_41
[2023] SGHC 35,"The present case engages the offence under s 377BB(4) PC, which is punishable under s 377BB(7) PC.; 15 The Prosecution sought an aggregate sentence of eight to twelve weeks' imprisonment in reliance on sentencing precedents for similar upskirt offences previously prosecuted under the now-repealed s 509 PC, and a reported case involving an offence under s ...; The YIC submitted that it is only in the most egregious scenario that the Court should impose a sentence combining all three types of punishment on the convicted offender, as it represents the maximum end of the sentencing range.; 63 We now turn to set out the two-stage, five-step sentencing framework applicable to the offence under s 377BB(4) punishable under s 377BB(7) PC.; 88 The fifth step of the sentencing framework is engaged where the offender has been convicted of multiple charges, in which case the court has to make further adjustments to the sentence for the individual charges in keeping with the totality principle.",Newton,"{""Newton"": 1.0}","[{""location"": ""Newton"", ""score"": 1.4, ""reason"": ""mention+legal_process_sentence+incident_sentence"", ""sentence"": ""The DJ then scheduled a Newton hearing on 30 and 31 May 2022 to determine if the appellant suffered from voyeuristic disorder, and if so, whether it caused or contributed to the commission of the offences.""}, {""location"": ""Newton"", ""score"": 0.9, ""reason"": ""mention+legal_process_sentence+residential_sentence+incident_sentence"", ""sentence"": ""Though he subsequently took active steps to address his voyeuristic urges by regularly attending psychiatric reviews and psychotherapy sessions after the second offence, we are particularly troubled by the fact that he f""}]","Offences — Sexual offences — Section 377BB(4) of the Penal Code (Cap 224, 2008 Rev Ed)",2023,https://www.elitigation.sg/gd/s/2023_SGHC_35
[2023] SGHC 28,"44 The charges were thus reasonably sufficient to give the appellant notice of what he was charged with, pursuant to s 124(1) of the Criminal Procedure Code 2010 (2020 Rev Ed) (""CPC"").",,{},[],Elements of crime — Mens rea,2023,https://www.elitigation.sg/gd/s/2023_SGHC_28
[2023] SGCA 4,,,{},[],,2023,https://www.elitigation.sg/gd/s/2023_SGCA_4
[2023] SGHC 20,,,{},[],Statutory offences — Penal Code – Computer Misuse and Cybersecurity Act,2023,https://www.elitigation.sg/gd/s/2023_SGHC_20
[2023] SGHC 11,,,{},[],Offences — Sexual offences,2023,https://www.elitigation.sg/gd/s/2023_SGHC_11
[2023] SGCA 2,"1 The respondent, whose name has been redacted as ""BWJ"", was charged with aggravated rape of the complainant (""V"") under ss 375(1)( a ) and (3)( a )(i) of the Penal Code (Cap 224, 2008 Rev Ed) (the ""PC"").; In that case, the accused, a Malaysian citizen, was charged with importing a controlled drug into Singapore contrary to s 7 of the Misuse of Drugs Act (Cap 185, 2008 Rev Ed).; This is because the offence he was charged with carries a heavy imprisonment term with mandatory caning of at least twelve strokes.",,{},[],Offences — Aggravated rape,2023,https://www.elitigation.sg/gd/s/2023_SGCA_2
[2024] SGHC 331,"This was an offence under s 5(1)( a ) read with s 5(2) and punishable under s 33(1) of the Misuse of Drugs Act (Cap 185, 2008 Rev Ed) (""MDA"").; 3 Soh was jointly tried with Pong on a charge of abetting by intentionally aiding Pong to traffic the Drug Bundles on 13 April 2020 at about 5.18pm – an offence under s 5(1)( a ) read with s 12 and punishable under s 33(1) of the MDA.; In deciding whether to call on the accused to enter his defence, regard should be had to the following guiding propositions: 69 In respect of the charge against Pong, the essential elements of the offence under s 5(1)( a ) read with s 5(2) of the MDA were a...; In that case, the appellant was caught in possession of a bag containing drugs, and charged with trafficking in the said drugs by transporting them.; In Abdul Hadi , the first accused Hadi was charged with having in his possession not less than 325.81g of methamphetamine for the purpose of trafficking, while the second accused Salleh faced a charge of abetment by instigation of Hadi's offence.",Bukit Batok,"{""Bukit Batok"": 1.0}","[{""location"": ""Bukit Batok"", ""score"": 0.9, ""reason"": ""mention+event_preposition"", ""sentence"": ""Some one and a half hours later, Soh appeared to inform Pong that he (Soh) was actually at Bukit Batok with another individual and asked Pong to \""find\"" him (\"" I with loti at batok eh \u2013 Come find me lor \"") at 17:39:00.""}]",Statutory offences — Misuse of Drugs Act,2024,https://www.elitigation.sg/gd/s/2024_SGHC_331
[2024] SGHC 319,,Woodlands; Orchard; Yishun; Serangoon,"{""Orchard"": 0.587, ""Serangoon"": 0.196, ""Woodlands"": 1.0, ""Yishun"": 0.196}","[{""location"": ""Woodlands"", ""score"": 1.4, ""reason"": ""mention+legal_process_sentence+incident_sentence"", ""sentence"": ""6 At around 7.28pm on 27 April 2021, officers from the Central Narcotics Bureau (\""CNB\"") intercepted the Car at the traffic junction of Woodlands Industrial Park E7 and Woodlands Avenue 8, Singapore.""}, {""location"": ""Woodlands"", ""score"": 1.4, ""reason"": ""mention+legal_process_sentence+incident_sentence"", ""sentence"": ""6 At around 7.28pm on 27 April 2021, officers from the Central Narcotics Bureau (\""CNB\"") intercepted the Car at the traffic junction of Woodlands Industrial Park E7 and Woodlands Avenue 8, Singapore.""}, {""location"": ""Yishun"", ""score"": 0.9, ""reason"": ""mention+event_preposition"", ""sentence"": ""Later, as Zaihidir was driving off to drop Hanafi at Yishun, Nagib said that he needed to urinate.""}, {""location"": ""Woodlands"", ""score"": 0.9, ""reason"": ""mention+event_preposition"", ""sentence"": ""Nagib also gave various reasons to account for his presence in Woodlands that day.""}, {""location"": ""Orchard"", ""score"": 0.9, ""reason"": ""mention+event_preposition"", ""sentence"": ""At the time, Hanafi was at a rented room in Orchard Towers with his girlfriend.""}, {""location"": ""Serangoon"", ""score"": 0.9, ""reason"": ""mention+event_preposition"", ""sentence"": ""Hanafi arrived at Nagib's place of residence in Serangoon.""}, {""location"": ""Orchard"", ""score"": 0.9, ""reason"": ""mention+event_preposition"", ""sentence"": ""Nagib relies on photographs of Hanafi at Orchard Towers on the morning of 27 April 2021 as evidence that the Superdry Bag was not empty at the time.""}, {""location"": ""Woodlands"", ""score"": 0.9, ""reason"": ""mention+event_preposition"", ""sentence"": ""Mr Au Leong Heng David (\""Mr Au\""), a representative of ST Engineering Urban Solutions Ltd, the company which manages the carpark gantries at Woodlands Crescent, helped retrieve the gantry records for the carpark at Block ""}, {""location"": ""Orchard"", ""score"": 0.9, ""reason"": ""mention+event_preposition"", ""sentence"": ""Nagib claims that this is evident based on the photographs of Hanafi's Superdry Bag while he was at Orchard Towers on the morning of 27 April 2021, which show that the bag was not empty.""}]",,2024,https://www.elitigation.sg/gd/s/2024_SGHC_319
[2024] SGHC 315,,,{},[],"Offences — Grievous hurt, Complicity — Common intention",2024,https://www.elitigation.sg/gd/s/2024_SGHC_315
[2024] SGCA 59,"The Judge endorsed the District Court's observations in Public Prosecutor v Loew Zi Xiang [2016] SGDC 251 at [94] ("" Loew Zi Xiang "") that a sentence involving the principle of rehabilitation could still be considered in cases involving young offenders conv...; He was charged with one count of sexual penetration of a minor under s 376A(1)( a ) of the Penal Code.; Significantly, he was not charged with rape.",Admiralty,"{""Admiralty"": 1.0}","[{""location"": ""Admiralty"", ""score"": 0.9, ""reason"": ""mention+event_preposition"", ""sentence"": ""7 On that day, the respondent watched an Instagram livestream of the victim, who was drinking alcohol with CPT around Admiralty Park.""}]",Offences — Sexual offences,2024,https://www.elitigation.sg/gd/s/2024_SGCA_59
[2024] SGCA 58,"19 Mr Chang relied on the language in s 13(2) of the PCA, which states that ""[w]here a person charged with 2 or more offences … is convicted of one or some of those offences, and the other outstanding offences are taken into consideration … the court may in...; Similarly, the reference in s 13(1) of the PCA to ""convicts any person of an offence"" should relate to the occasion of conviction and not mean that a penalty order has to be made for each charge involving gratification that an offender is convicted of.; Mr Chang submitted that among all the reported decisions in the past 50 years involving a penalty order, there have only been six cases where the court imposed more than one penalty order and that there was a consistent judicial practice of imposing a singl...; Pursuant to s 124(8) of the CPC, where a person is convicted on an amalgamated charge, the court may sentence that person to two times the amount of punishment to which that person would otherwise have been liable if that person had been charged with and co...",,{},[],Statutory offences — Prevention of Corruption Act 1960 (2020 Rev Ed),2024,https://www.elitigation.sg/gd/s/2024_SGCA_58
[2024] SGHC 306,"1 Thangarajan Elanchezhian (""the Appellant"") was charged with one count of the offence of outrage of modesty under s 354(1) of the Penal Code (Cap 224, 2008 Rev Ed) (""Penal Code"") and claimed trial.; 42 Before addressing the Appellant's arguments on sentence, I observe that the maximum imprisonment term for an offence under s 354(1) was increased with effect from 1 March 2022 from two years' imprisonment to three years, pursuant to the Criminal Law (Mis...; This was whether the Appellant possessed the necessary mens rea to make out the offence under s 354(1) of the Penal Code.",,{},[],Appeal,2024,https://www.elitigation.sg/gd/s/2024_SGHC_306
[2024] SGHC 307,79 The appellant was charged with three charges under s 354(1) of the Penal Code for using his hand to brush against both of the alleged victim's breasts at three distinct points in time.; 152 The appellant is thus convicted of the three charges proceeded with.,Choa Chu Kang,"{""Choa Chu Kang"": 1.0}","[{""location"": ""Choa Chu Kang"", ""score"": 2.7, ""reason"": ""mention+incident_sentence+event_preposition"", ""sentence"": ""114 The First Information Report corroborates the material aspects of the alleged offences \u2013 it details the victim taking the taxi \""from a bus stop at Choa Chu Kang to go to a carpark to search for [her] phone\"" and that ""}, {""location"": ""Choa Chu Kang"", ""score"": 2.7, ""reason"": ""mention+incident_sentence+event_preposition"", ""sentence"": ""The First Information Report is also consistent with the ancillary details of the victim's testimony that the offences had occurred when she was in search of her phone, that the appellant driver had said that the ride wa""}, {""location"": ""Choa Chu Kang"", ""score"": 0.9, ""reason"": ""mention+event_preposition"", ""sentence"": ""80 The first charge (MAC-900959-2022) occurred on 29 October 2021, sometime at or around 11.40pm, inside a taxi bearing vehicle plate number SHB 7605D, travelling along Choa Chu Kang Avenue 5 towards Blk 429A Choa Chu Ka""}, {""location"": ""Choa Chu Kang"", ""score"": 0.9, ""reason"": ""mention+event_preposition"", ""sentence"": ""80 The first charge (MAC-900959-2022) occurred on 29 October 2021, sometime at or around 11.40pm, inside a taxi bearing vehicle plate number SHB 7605D, travelling along Choa Chu Kang Avenue 5 towards Blk 429A Choa Chu Ka""}, {""location"": ""Choa Chu Kang"", ""score"": 0.9, ""reason"": ""mention+event_preposition"", ""sentence"": ""The appellant was driving along Choa Chu Kang Avenue 5 and spotted the victim.""}, {""location"": ""Choa Chu Kang"", ""score"": 0.9, ""reason"": ""mention+event_preposition"", ""sentence"": ""She informed PW2 that she had lost her phone, and PW2 told her to meet him at the carpark of Blk 486A in Choa Chu Kang (\""Blk 486A\"") as he had parked the BlueSG car he had rented there instead.""}]",Offences — Outrage of modesty,2024,https://www.elitigation.sg/gd/s/2024_SGHC_307
[2024] SGCA 55,"9 The appellant in CCA 18, Iskandar, pleaded guilty to and was convicted of the following three charges: 10 Iskandar also admitted and consented to having three other drug-related charges taken into consideration for the purposes of sentencing (collectively...; 25 However, the Judge observed that in the case of repeat offenders charged with trafficking in or importing 13g to 15g of diamorphine (an amount of drugs just below the death penalty threshold), applying a 15% discount to the indicative sentence of 30 year...",,{},[],Statutory offences — Misuse of Drugs Act,2024,https://www.elitigation.sg/gd/s/2024_SGCA_55
[2024] SGHC 297,"2 The appellant was charged with and pleaded guilty to two charges, one for drink driving under s 67 of the Road Traffic Act 1961 (2020 Rev Ed) (the ""Road Traffic Act""), and one of serious careless driving, under s 65(1)( a ) punishable under s 65(5)( c ) o...",,{},[],"Careless driving, Statutory offences — Road Traffic Act 1961",2024,https://www.elitigation.sg/gd/s/2024_SGHC_297
[2024] SGHC 290,"It would also accord with the statutory defence in s 6(1) of the ESA, which contemplated situations in which the offence under s 4(1) of the ESA might be ""committed unintentionally or unknowingly by the person charged"" (the Decision at [76]).; Section 107 of the EA provides that: 45 The Prosecution argued that the overall effect of ss 4(1) and 6(1) of the ESA, read together with s 107 of the EA, was that the court must presume that an accused person has not taken all reasonable precautions or exe...; It could not be the case that making out the offence under s 4(1) required the Prosecution to prove that the accused person knew the nature of the goods imported as this would render s 6(1) otiose and so be inconsistent with the statutory scheme of the ESA.; Much like the primary offence under s 4(1), there was no need for knowledge of the nature of the thing being imported.; For example, in addressing a question about the role of public-private partnerships in combatting illegal wildlife trade and money laundering, then-Minister of State of National Development Mr Tan Kiat How (""MOS Tan"") noted ( Singapore Parliamentary Debates...",Jurong,"{""Jurong"": 1.0}","[{""location"": ""Jurong"", ""score"": 1.4, ""reason"": ""mention+legal_process_sentence+incident_sentence"", ""sentence"": ""While fault is presumptively a necessary ingredient of any offence-creating statutory provision, this presumption is often displaced in situations where the statutory offence in question pertains to issues of social conc""}]","Elements of crime — Mens rea, Offences — Endangered species",2024,https://www.elitigation.sg/gd/s/2024_SGHC_290
[2024] SGHC 287,,,{},[],Offences — Outrage of modesty,2024,https://www.elitigation.sg/gd/s/2024_SGHC_287
[2024] SGHC 278,"3 The appellant, having also been convicted of drink driving under s 67 of the RTA, is subject to an enhanced punishment regime under s 65 for careless driving.; Section 64(8) defines persons who have been convicted of an offence under s 67 as ""serious offenders"" for the purposes of ss 64 and 65 of the RTA.; 5 I accept that similar factors as considered in Wu Zhi Yong can be considered for serious offenders convicted of careless driving, but I will not be laying these out in the present case.",,{},[],Statutory offences — Road Traffic Act 1961,2024,https://www.elitigation.sg/gd/s/2024_SGHC_278
[2024] SGHC 265,"2 The First and the Second Charges read as follows: 3 There was a third charge which the Prosecution proceeded on (""the Third Charge"") and which concerned an offence under s 78( c ) of the Children and Young Persons Act (Cap 38, 2001 Rev Ed) (""CYPA"").; Nor did they tell him that he must tell the truth or that he would be charged with something he had not done.; In GCK , the accused was a male employee at a nursing home who was charged with an offence of outrage of modesty under s 354(1) of the Penal Code.; The accused's plea of guilt to the Third Charge 163 Having been convicted of the two charges which were proceeded with at trial, the accused elected to plead guilty to the Third Charge.; This concerned the offence under s 78( c ) of the CYPA, of harbouring the complainant between 18 February 2020 and 22 February 2022 charge, by permitting her to stay and to work at Don Bar when he knew that she had escaped from a place of safety as appointe...",,{},[],Offences — Rape,2024,https://www.elitigation.sg/gd/s/2024_SGHC_265
[2024] SGHC 258,"1 The Appellant pleaded guilty to a single charge of careless driving causing grievous hurt, an offence under s 65(1)( a ) punishable under s 65(3)( a ) read with s 65(6)( d ) of the Road Traffic Act (Cap 276, 2004 Rev Ed) (the ""RTA"").; With his consent, a second charge of careless driving causing hurt, which is an offence under s 65(1)( a ) punishable under s 65(4)( a ) of the RTA, was taken into consideration for sentencing.",,{},[],Road Traffic Act – Careless driving,2024,https://www.elitigation.sg/gd/s/2024_SGHC_258
[2024] SGHC 251,"The gravamen of an offence under s 165 of the Penal Code (Cap 224, 2008 Rev Ed) or Penal Code 1871 (2020 Rev Ed) is the injury to the trust in and integrity of public institutions which results where public servants accept or obtain pecuniary benefits from ...; This appears to correlate with the heightened gravity of an offence under s 161.; To constitute an offence under s 165 of the Penal Code, unlike an offence under s 6( a ) of the PCA, it is not necessary that the offender provide d any quid pro quo for the valuable thing.; As a further example, to constitute an offence under s 165 of the Penal Code, it is also not necessary for the Prosecution to prove that the offender had acted with a corrupt intent in obtaining or accepting the valuable thing.; Accordingly, general deterrence is the dominant sentencing consideration for an offence under s 165 and the Defence's submission that general deterrence is of limited application for such an offence cannot be correct.",,{},[],Statutory Offences — Penal Code,2024,https://www.elitigation.sg/gd/s/2024_SGHC_251
[2024] SGHC 250,"As an offence under s 304( a ) of the Penal Code was more severe, this warranted a considerably higher sentence than would have been imposed for those lesser offences.; The co-accused was also convicted of one charge under the CYPA for confining the victim in a cat cage on two occasions and sentenced to one year imprisonment.",,{},[],"Offences — Section 201 Penal Code (Cap 224, 2008 Rev Ed), Offences — Statutory offences — Children and Young Persons Act (Cap 38, 2001 Rev Ed), Offences — Culpable homicide not amounting to murder —Section 304(a) Penal Code (Cap 224, 2008 Rev Ed)",2024,https://www.elitigation.sg/gd/s/2024_SGHC_250
[2024] SGHC 245,"13 Investigations were carried out by MOM, and the appellant was eventually charged with two charges of abetting by intentionally aiding Ribaya and Payoyo to make false declarations to the Controller, which the appellant knew were false in a material partic...; 15 On 12 December 2019, Hirman pleaded guilty to abetting by intentionally aiding the appellant to employ Elena without a valid work pass, by allowing Elena to carry out pet grooming duties when she did not hold a valid work pass to do so, which was an offe...; 16 On 2 April 2020, Ribaya pleaded guilty to working as a pet groomer without a valid work pass, which is an offence under s 5(2) and punishable under s 5(7) of the EFMA.; She also consented to one charge of making a false statement to the Controller that she would be employed as a domestic worker which she knew was false in a material particular, an offence under s 22(1)( d ) and punishable under s 22(1)(ii) of the EFMA, to ...",,{},[],Statutory offences — Employment of Foreign Manpower Act,2024,https://www.elitigation.sg/gd/s/2024_SGHC_245
[2024] SGHC 239,"23 In determining whether the Prosecution has proven the offence under s 5(1)( a ) of the MDA beyond a reasonable doubt, there are two main issues: 24 It is incumbent on the Prosecution to prove beyond a reasonable doubt that the drug exhibits analysed by t...",,{},[],Statutory offences — Misuse of Drugs Act,2024,https://www.elitigation.sg/gd/s/2024_SGHC_239
[2024] SGHC 240,"Even if I accepted that the Complainant was desirous of a relationship with M, the Accused did not explain why such a relationship was contingent on him being charged with sexual assault.; 116 Section 376(3) of the Penal Code provides that a person convicted of a charge under s 376(2)( a ) of the Penal Code "" shall be punished with imprisonment for a term which may extend to 20 years, and shall also be liable to fine or to caning"".",,{},[],Offences — Sexual offences,2024,https://www.elitigation.sg/gd/s/2024_SGHC_240
[2024] SGHC 223,"Inter alia , for example, this would ensure that repeat offenders convicted of trafficking or importing drugs close to the capital threshold received sentences of 28 to 30 years' imprisonment after any reduction on account of their guilty pleas had been fac...; T he High Court found (at [55]–[58]) that for cases involving repeat offenders charged with trafficking or importing drug amounts just below the capital threshold, applying the approach under the Sentencing Guidelines would lead to sentences which were not ...; Accordingly, the High Court held (at [59]) that for those cases involving repeat offenders charged with drug amounts just below the capital threshold, the need to ""safeguard the public interest in securing adequate punishment"" should lead to the disapplicat...; This was the first time the Accused had been convicted of drug importation; he was relatively young at the time of offending (24 years old); and he had pleaded guilty at the first available opportunity to the amended charge.",,{},[],Statutory offences — Misuse of Drugs Act,2024,https://www.elitigation.sg/gd/s/2024_SGHC_223
[2024] SGHC 220,,,{},[],"Appeal, Statutory offences — Penal Code",2024,https://www.elitigation.sg/gd/s/2024_SGHC_220
[2024] SGCA 33,"In Ng Pen Tine , the second accused passed 61 packets of heroin to the first accused and was charged with an offence of drug trafficking ( Ng Pen Tine at [2]).",,{},[],Statutory offences — Misuse of Drugs Act,2024,https://www.elitigation.sg/gd/s/2024_SGCA_33
[2024] SGHC 217,,,{},[],"Statutory offences — Customs Act, Statutory offences — Road Traffic Act",2024,https://www.elitigation.sg/gd/s/2024_SGHC_217
[2024] SGHC 209,"The DJ found that the Sentencing Information and Research Repository indicated that the usual tariff for an offence under s 7(1)( a ) of the CESOWA was between six to nine months' imprisonment, and six strokes of the cane.; This was in line with the Prosecution's submission that the starting sentence for an offence under s 7(1)( a ) of the CESOWA was six months' imprisonment and the mandatory six strokes of the cane, according to the Practitioners' Library : Sentencing Practic...; In Public Prosecutor v Ahirrudin Al-Had bin Haji Arrifin [2022] 5 SLR 407 at [99], the Court said that ""[t]he established sentencing tariff for the offence under s 7(1)( a ) of the CESOWA is a sentence in excess of six months' imprisonment"".; 38 For the possession of 1.58g of methamphetamine, which is an offence under s 8( a ) of the MDA and punishable under s 33(1) of the MDA, read with the Second Schedule of the MDA, the appellant was liable on conviction to a maximum sentence of ten years' im...",,{},[],"Statutory offences — Prisons Act, Statutory offences — Misuse of Drugs Act, Statutory offences — Corrosive and Explosive Substances and Offensive Weapons Act",2024,https://www.elitigation.sg/gd/s/2024_SGHC_209
[2024] SGCA 29,"Otherwise, the sentence for an attempt to commit the offence under s 375(1) where the additional facts are proved even if the basic facts are not, would be a term of imprisonment of at least eight years but not more than ten years' imprisonment, and also 12...",,{},[],Appeal,2024,https://www.elitigation.sg/gd/s/2024_SGCA_29
[2024] SGHC 201,"1 The accused, Tan Sen Yang (the ""Accused""), was charged with the murder of the deceased, Satheesh Noel s/o Gobidass (the ""Deceased""), in an altercation that occurred at Orchard Towers, pursuant to s 300( c ) of the Penal Code (Cap 224, 2008 Rev Ed) ( the ""...; 3 The charge against the Accused read as follows: 4 The punishment prescribed for an offence under s 300( c ) of the Penal Code was either death or life imprisonment with caning (see s 302(2) of the Penal Code).; On the one hand, it cannot be so narrow so as to be impossible to prove; on the other hand, it cannot be too broad such that the accused is convicted of murder for an injury that he did not intend (at [54]).; 74 Having found that the Accused possessed the requisite actus reus and mens rea , an offence under s 300( c ) of the Penal Code was completed.; 98 Turning to the issue of sentence, under s 302(2) of the Penal Code, having been convicted of s 300( c ) murder, the Accused was liable to be punished either with (a) death; or (b) life imprisonment with caning.",Orchard; Toa Payoh; Bukit Batok,"{""Bukit Batok"": 0.092, ""Orchard"": 1.0, ""Toa Payoh"": 0.214}","[{""location"": ""Orchard"", ""score"": 2.7, ""reason"": ""mention+incident_sentence+event_preposition"", ""sentence"": ""1 The accused, Tan Sen Yang (the \""Accused\""), was charged with the murder of the deceased, Satheesh Noel s/o Gobidass (the \""Deceased\""), in an altercation that occurred at Orchard Towers, pursuant to s 300( c ) of the Pena""}, {""location"": ""Toa Payoh"", ""score"": 2.1, ""reason"": ""mention+incident_sentence"", ""sentence"": ""After the Accused's friend advised the Accused to surrender himself, the Accused did so, and was arrested by the Police at the vicinity of Toa Payoh South Community Club at about 2.35pm on 2 July 2019 (the same day as hi""}, {""location"": ""Orchard"", ""score"": 2.1, ""reason"": ""mention+incident_sentence"", ""sentence"": ""Each step leading up to and after the Accused's assault on the Deceased entailed a conscious choice on his part \u2013 he chose to return to Orchard Towers in order to protect his friend; he chose to arm himself with a knife ""}, {""location"": ""Orchard"", ""score"": 1.4, ""reason"": ""mention+legal_process_sentence+incident_sentence"", ""sentence"": ""This was essentially conceded by the Accused, who consistently stated across his statements and his evidence at trial that he had fled from Orchard Towers after hearing that the Police had arrived: 93 The fact that the A""}, {""location"": ""Orchard"", ""score"": 0.9, ""reason"": ""mention+event_preposition"", ""sentence"": ""6 On 2 July 2019, at about 6.27am, the Singapore Police Force (\""the Police\"") received a first information report from one Mr Muhammad Fadly bin Sapie (\""Mr Fadly\""), who was the manager of Naughty Girl Club located at Orch""}, {""location"": ""Orchard"", ""score"": 0.9, ""reason"": ""mention+event_preposition"", ""sentence"": ""6 On 2 July 2019, at about 6.27am, the Singapore Police Force (\""the Police\"") received a first information report from one Mr Muhammad Fadly bin Sapie (\""Mr Fadly\""), who was the manager of Naughty Girl Club located at Orch""}, {""location"": ""Orchard"", ""score"": 0.9, ""reason"": ""mention+event_preposition"", ""sentence"": ""7 At around 5:25am that day, the Accused visited Naughty Girl Club at Orchard Towers with a group of acquaintances that included the following persons: (a) Natalie Siow Yu Zhen (\""Ms Siow\""); (b) Joel Tan Yun Sheng (\""Mr Ta""}, {""location"": ""Orchard"", ""score"": 0.9, ""reason"": ""mention+event_preposition"", ""sentence"": ""14 The incident was captured from different angles by various CCTV cameras in Orchard Towers.""}, {""location"": ""Bukit Batok"", ""score"": 0.9, ""reason"": ""mention+event_preposition"", ""sentence"": ""Subsequently, the Accused went to Mr Loo's residence at Bukit Batok to shower and change his clothes.""}]","Offences — Murder, Special exceptions — Sudden fight, Special exceptions — Diminished responsibility",2024,https://www.elitigation.sg/gd/s/2024_SGHC_201
[2024] SGHC 193,"9 Section 22(1) of the Act reads as follows: 10 It needs to be borne in mind what the appellant was not charged with.; She was not charged for the misleading omission of a material particular, that is, she was not charged with suppressing or hiding some matter which would have cast her statement or information she provided in a different light.",Serangoon,"{""Serangoon"": 1.0}","[{""location"": ""Serangoon"", ""score"": 0.9, ""reason"": ""mention+event_preposition"", ""sentence"": ""On 15 October 2018, the appellant was arrested by officers from the Ministry of Manpower, for working as a sales assistant without a valid work pass, at A1 Fashion located along Serangoon Road.""}]",Appeal — Statutory offences — Employment of Foreign Manpower Act,2024,https://www.elitigation.sg/gd/s/2024_SGHC_193
[2024] SGHC 186,,,{},[],Statutory offences — Penal Code,2024,https://www.elitigation.sg/gd/s/2024_SGHC_186
[2024] SGHC 175,,,{},[],Offences — Rape,2024,https://www.elitigation.sg/gd/s/2024_SGHC_175
[2024] SGHC 171,"The respondent was charged with possessing child abuse material, namely two still images and six videos, under s 377BK(1) punishable under s 377BK(2) of the Penal Code.; This appeal thus provided us with an opportunity to consider the appropriate sentencing framework for an offence under s 377BK(1) punishable under s 377BK(2) of the Penal Code.; We therefore only provide guidance as to the appropriate sentencing framework that should be applied for the Possession Offence under s 377BK(1) punishable under s 377BK(2) of the Penal Code.; A non-exhaustive list of offender-specific factors would include: 58 Where an offender has been convicted of multiple charges, the fifth step in the Logachev -style framework is to consider the need to make further adjustments to take into account the total...; This step in the Logachev -style framework has been discussed extensively in other cases (see, eg , GED at [115]–[118]) and we do not propose to further discuss this step here, given that the respondent was only convicted of a single proceeded charge.",,{},[],"Offences — Sexual offences — Sections 377BK(1) and 377BK(2) Penal Code (Cap 224, 2008 Rev Ed)",2024,https://www.elitigation.sg/gd/s/2024_SGHC_171
[2024] SGHC 172,,,{},[],Offences — Sexual offences,2024,https://www.elitigation.sg/gd/s/2024_SGHC_172
[2024] SGHC 169,,,{},[],"Appeal, Statutory offences — Penal Code",2024,https://www.elitigation.sg/gd/s/2024_SGHC_169
[2024] SGCA 22,"18 Second, the Trial Judge considered the question of how the ""bodily injury"" for the purposes of the Virsa Singh test is identified for an offence under s 300( c ) of the PC where there are multiple contributory causes to the injury that resulted in the vi...; 23 In sentencing Salihin for the offence under s 325 of the PC, the Trial Judge took into consideration the following two outstanding charges (GD at [93]): 24 The Trial Judge applied the two-step sentencing framework set out in Public Prosecutor v BDB [2018...",,{},[],Offences — Murder,2024,https://www.elitigation.sg/gd/s/2024_SGCA_22
[2024] SGHC 168,"The Respondent was convicted of nine corruption offences committed over the course of a year, and these nine corruption offences related to 34 different occasions that Lee claimed for overtime fees despite not being physically present for the inspections.; I noted that an offence under s 7 of the PCA typically attracted a custodial sentence, with this only being departed from in exceptional cases ( Wong Chee Meng at [86]).; The Accused was convicted of nine corruption charges over the course of a year, and these related to 34 different occasions that Lee was allowed to claim for overtime despite not being physically present for inspections.",,{},[],Appeal,2024,https://www.elitigation.sg/gd/s/2024_SGHC_168
[2024] SGHC 161,"1 The Appellant was charged with the commission of 17 theft and traffic offences.; The Appellant interprets this as a reference to the Footway and submits that no offence under s 43(4) of the RTA is made out because a footway is not a ""road"" under the RTA.",Choa Chu Kang,"{""Choa Chu Kang"": 1.0}","[{""location"": ""Choa Chu Kang"", ""score"": 0.9, ""reason"": ""mention+event_preposition"", ""sentence"": ""The subject of the 13th charge is the Appellant's riding of the motorcycle \""along Choa Chu Kang Avenue 4\"".""}]",Statutory offences — Road Traffic Act — Driving while disqualified,2024,https://www.elitigation.sg/gd/s/2024_SGHC_161
[2024] SGHC 162,,,{},[],,2024,https://www.elitigation.sg/gd/s/2024_SGHC_162
[2024] SGHC 159,"The cases cited (above at [19]) to support the Appellant's argument did not go any further than to make the general and well-established observation that intent to defraud must be proved in order to establish an offence under s 477A of the Penal Code.; Where the person is charged with falsification of accounts by abetment , the fraudulent intent of the person abetted (who also must be an employee acting in the capacity of a ""clerk, officer or servant"") will have to be established as well.; In Ratanlal & Dhirajlal: The Indian Penal Code vol 2 (LexisNexis, 34th Ed, 2018) at p 3205, the section on ""Abetment to falsification by a partner"" in relation to s 477A states that ""the substantive offence under s 477A can be committed only either by a cle...",,{},[],"Offences — Property, Offences — Documents",2024,https://www.elitigation.sg/gd/s/2024_SGHC_159
[2024] SGHC 140,"As this was the first case where the High Court had to consider the sentencing implications of s 74B of the Penal Code since its introduction into the law, a three-judge court was convened to hear the appeal to address the appropriate sentencing approach wh...; The age of the victim is the focus of s 74B(2) of the Penal Code and it is this factor alone that enhances the punishment when an offender is charged with an offence under s 325 read with s 74B(2) of the Penal Code.; 41 We first considered the sentencing starting point for the ""base"" offence under s 325 Penal Code.; In an offence under s 325 read with s 74B(2), the seriousness of the injury continues to be a key factor as the ""base"" offence remains the same.",,{},[],Offences — Grievous hurt,2024,https://www.elitigation.sg/gd/s/2024_SGHC_140
[2024] SGHC 134,"38 In addition, s 33(4A) of the MDA provides that, where a person convicted of trafficking in or importing a Class A drug has previously been convicted of drug trafficking or drug importation, he shall be subject to a minimum punishment of 10 years' impriso...; Suventher concerned an offender charged with importing 499.9g of cannabis.; For ease of reference, I set out the indicative starting sentence and indicative uplift for the highest sentencing band in the Lai Teck Guan framework in the following table: 57 Thus, in the case of a repeat offender charged with trafficking 14.99g of diamo...; 79 As Iskandar is convicted of three charges, I am obliged under s 307 of the Criminal Procedure Code 2010 (the ""CPC"") to run at least two of the sentences consecutively.; Mere promises not to re-offend and statements of remorse and regret count for little when seen in the light of the gravity of the charge Farid is convicted of.",,{},[],,2024,https://www.elitigation.sg/gd/s/2024_SGHC_134
[2024] SGHC 132,"46 As noted above, we appointed Mr Teo as the YIC, and directed him to address us on the following questions: 47 The YIC submits that the sentencing framework set out in Manta Equipment is appropriate as a starting point, even for use in the context of an o...; In our judgment, the sentencing framework that was set out in Manta Equipment should apply in the context of the present offence under s 12(2).; The contention advanced before us is that the more stringent test noted in Nickson Guay should be adopted in cases where a court is required to assess whether an offender has previously been convicted of an offence under the WSHA that "" causes the death of ...",,{},[],Statutory offences — Workplace Safety and Health Act 2006,2024,https://www.elitigation.sg/gd/s/2024_SGHC_132
[2024] SGCA 17,,,{},[],Defamation,2024,https://www.elitigation.sg/gd/s/2024_SGCA_17
[2024] SGHC 131,"The second charge concerned the use of criminal force on the Victim with the intention to outrage her modesty, by the Accused rubbing her vagina (skin-on-skin) with his fingers, which was an offence under s 354(2) of the Penal Code (the ""aggravated OM charg...; As held in Chen Weixiong Jerriek v Public Prosecutor [2003] 2 SLR(R) 334 (at [14]–[17]), the court will be reluctant to regard an accused person as a ""first offender"" where they are charged with a large number of offences, as the only reason for the offende...",,{},[],Offences — Sexual offences,2024,https://www.elitigation.sg/gd/s/2024_SGHC_131
[2024] SGCA 13,"1 This is an appeal by Mr Mohamed Mubin bin Abdul Rahman (""the Appellant"") who was convicted of two capital charges under s 5(1)( a ) read with ss 5(2) and 12 of the Misuse of Drugs Act (Cap 185, 2008 Rev Ed) (""MDA"") for trafficking in diamorphine.; Lokman, in turn, was charged with and claimed trial to a single charge of having the Two Bundles in his possession for the purpose of trafficking.; The charge against Lokman was amended so that Lokman was charged with trafficking in just one of the Two Bundles.; Ramesh was charged with possessing the diamorphine bundles for the purposes of trafficking.; Despite this defence, Ramesh was convicted of trafficking diamorphine by the trial judge.",Kallang,"{""Kallang"": 1.0}","[{""location"": ""Kallang"", ""score"": 0.9, ""reason"": ""mention+event_preposition"", ""sentence"": ""However, as his motorcycle ran out of fuel near Kallang Stadium, Lokman called the Appellant and asked for help.""}]",Statutory offences — Misuse of Drugs Act,2024,https://www.elitigation.sg/gd/s/2024_SGCA_13
[2024] SGHC 109,"The accused also faced a further eight charges, seven of which related to offences under s 292(1)( a ) of the Penal Code, with the remaining charge being an offence under s 30(2)( a ) of the Films Act (Cap 107, 1998 Rev Ed).; By way of illustration, in the case of Tan Meng Jee v P ublic Prosecutor [1996] 2 SLR(R) 178 cited by the Defence, where the appellant was charged with trafficking diamorphine found in a bag which he was in possession of and where he sought to argue that he...; 250 The Defence also submitted that since the present offence was a one-off incident involving a single victim, this too demonstrated a lower level of culpability on the accused's part, as compared to T who had been convicted of multiple offences involving ...",Punggol; Hougang; Marina Bay; Changi,"{""Changi"": 0.167, ""Hougang"": 0.333, ""Marina Bay"": 0.167, ""Punggol"": 1.0}","[{""location"": ""Punggol"", ""score"": 0.9, ""reason"": ""mention+event_preposition"", ""sentence"": ""12 About a month after the accused started communicating with V online, they met in person for the first time for dinner at \""Bliss Restaurant\"" at Punggol Park.""}, {""location"": ""Punggol"", ""score"": 0.9, ""reason"": ""mention+event_preposition"", ""sentence"": ""21 On the first occasion, V and the accused met for dinner at a caf\u00e9 at Punggol Park.""}, {""location"": ""Marina Bay"", ""score"": 0.9, ""reason"": ""mention+event_preposition"", ""sentence"": ""24 Sometime in October 2010, T and V went for a staycation at Marina Bay Sands (\""MBS\"").""}, {""location"": ""Punggol"", ""score"": 0.9, ""reason"": ""mention+event_preposition"", ""sentence"": ""33 The accused subsequently informed T that he and V had met up on at least one occasion in Punggol Park, where they had drunk wine, held hands, kissed and hugged.""}, {""location"": ""Punggol"", ""score"": 0.9, ""reason"": ""mention+event_preposition"", ""sentence"": ""T recalled that this confrontation took place a few days after V's meeting with the accused at Punggol Park, as he had still been on guard duty in camp on the evening when V met up with the accused, and he would only hav""}, {""location"": ""Punggol"", ""score"": 0.9, ""reason"": ""mention+event_preposition"", ""sentence"": ""A week or two after they started chatting, they met up for a dinner date at a caf\u00e9 near Punggol Park.""}, {""location"": ""Punggol"", ""score"": 0.9, ""reason"": ""mention+event_preposition"", ""sentence"": ""65 The evening after their date at Punggol Park, V messaged the accused to say that T's friend had seen V and the accused together, holding hands.""}, {""location"": ""Hougang"", ""score"": 0.9, ""reason"": ""mention+event_preposition"", ""sentence"": ""The accused also claimed that during this period, he and V had a second consensual sexual encounter which took place at Lavender Fragrance Hotel after a lunch at Hougang Mall.""}, {""location"": ""Hougang"", ""score"": 0.9, ""reason"": ""mention+event_preposition"", ""sentence"": ""Based on his own evidence, all that the 2012 Citibank credit card statement showed was that he had used his Citibank credit card to pay for a meal at a Japanese restaurant in Hougang Mall: it did not support his assertio""}, {""location"": ""Changi"", ""score"": 0.9, ""reason"": ""mention+event_preposition"", ""sentence"": ""Regrettably, however, this allegation about T shouting at Changi Medical Centre was never put to T in cross-examination, which meant that T had no opportunity to give his own version of events.""}]","Abetment, Offences — Rape",2024,https://www.elitigation.sg/gd/s/2024_SGHC_109
[2024] SGHC 99,"86 Mas Swan involved two accused persons, Mas Swan and Roshamima, who were jointly charged with importing diamorphine into Singapore after three hidden bundles of diamorphine were discovered in the vehicle in which they were attempting to enter Singapore fr...",Yishun,"{""Yishun"": 1.0}","[{""location"": ""Yishun"", ""score"": 0.9, ""reason"": ""mention+event_preposition"", ""sentence"": ""155 First, whereas Netiaanthan said that he would \""throw\"" the \""three books\"", he stated that he had been \""asked \u2026 to give the ice at Yishun\"".""}]",Statutory offences — Misuse of Drugs Act,2024,https://www.elitigation.sg/gd/s/2024_SGHC_99
[2024] SGHC 95,"1 The accused, Seet Poh Jing (""Seet""), claimed trial to a charge of having in his possession for the purpose of trafficking not less than 4509.2g of cannabis mixture (""the Drugs""), an offence under s 5(1)( a ) read with s 5(2) of the Misuse of Drugs Act (Ca...",Downtown Core; Changi,"{""Changi"": 0.107, ""Downtown Core"": 1.0}","[{""location"": ""Downtown Core"", ""score"": 2.1, ""reason"": ""mention+incident_sentence"", ""sentence"": ""29 The central question before me is whether Seet is able to prove on a balance of probabilities that his possession of the Drugs, namely the five blocks of cannabis mixture weighing not less than 4509.2g, was for the pu""}, {""location"": ""Downtown Core"", ""score"": 2.1, ""reason"": ""mention+incident_sentence"", ""sentence"": ""71 Accordingly, I find that Seet has not proved on a balance of probabilities that he possessed the Drugs for the purposes of research and development and/or production and/or extraction of CBD.""}, {""location"": ""Downtown Core"", ""score"": 2.1, ""reason"": ""mention+incident_sentence"", ""sentence"": ""82 Seet's case is that he was suffering from a drug-induced hypomanic episode at the time of the offence, which caused him to form the unrealistic intention to attempt to produce and/or extract CBD from the Drugs.""}, {""location"": ""Downtown Core"", ""score"": 2.1, ""reason"": ""mention+incident_sentence"", ""sentence"": ""112 For the reasons set out above, I find that Seet has not proved on a balance of probabilities that he had possessed the Drugs for the purpose of research and development, including the production and/or extraction, of""}, {""location"": ""Changi"", ""score"": 0.9, ""reason"": ""mention+event_preposition"", ""sentence"": ""this is at odds with Seet's account in his long statement taken on 5 July 2018, where he described how he purchased cocaine from a Thai Nigerian at Changi Airport Terminal 1 upon returning from overseas.""}]",Statutory offences — Misuse of Drugs Act,2024,https://www.elitigation.sg/gd/s/2024_SGHC_95
[2024] SGHC 91,"15 On 12 April 2023, Wong pleaded guilty to seven charges and was convicted of: 16 Wong consented to 15 other charges being taken into consideration for the purposes of sentencing: 17 The DJ sentenced Wong to five weeks' imprisonment for the s 157 CA Charge.; 50 I was also satisfied that the nature of the offence under s 411 of the PC was not of such a nature that it would be difficult to identify the principal elements of the offence.; 83 In Osborn Yap , the crucial issue that arose was whether secondary offenders for money-laundering offences could be liable under s 47(1) of the CDSA when the secondary offender had been convicted of an offence under s 411 of the PC.",,{},[],"Complicity — Criminal conspiracy, Statutory offences — Companies Act, Offences — Property — Receiving stolen property",2024,https://www.elitigation.sg/gd/s/2024_SGHC_91
[2024] SGHC 75,,,{},[],Offences — Rape,2024,https://www.elitigation.sg/gd/s/2024_SGHC_75
[2024] SGHC 83,,,{},[],Statutory offences — Penal Code,2024,https://www.elitigation.sg/gd/s/2024_SGHC_83
[2024] SGHC 77,"19 I set out below one example of an occasion when the invoice and delivery note for various cars supplied to one of the Frankel group of companies bore a date which was not reflective of the actual dates the cars were registered in the name of the end buye...; 21 Meanwhile, in the case of Yeo, the following offences were committed according to the Prosecution: (a) an offence under s 420 read with s 109 of the 1985 PC for intentionally aiding Ho to commit cheating by providing him with the sales invoice and delive...; 22 Next, there were also occasions when the following occurred: 23 I set out below one example of an occasion when the above occurred: 24 On this occasion, in the case of Ho, the following offences were committed according to the Prosecution: (a) an offence...; 25 Meanwhile, in the case of Yeo, the following offences were committed according to the Prosecution: (a) an offence under s 420 read with s 109 of the 1985 PC for intentionally aiding Ho to commit cheating by providing him with the sales invoice and delive...",,{},[],"Appeal, Offences — Property — Cheating",2024,https://www.elitigation.sg/gd/s/2024_SGHC_77
[2024] SGHC 78,"1 Masri bin Hussain, a 52-year-old Singaporean male (""the Accused""), claimed trial to a capital charge of possessing for the purpose of trafficking three packets of granular/powdery substance weighing not less than 1,381.3g which were analysed and found to ...",,{},[],Statutory offences — Misuse of Drugs Act,2024,https://www.elitigation.sg/gd/s/2024_SGHC_78
[2024] SGCA 8,"The defendant was charged with acquiring criminal property contrary to s 329(1)( a ) of the English Proceeds of Crime Act 2002, on the basis that by the transfers to his account, he had acquired criminal property.",,{},[],"Statutory offences — Corruption, Drug Trafficking and Other Serious Crimes (Confiscation of Benefits) Act",2024,https://www.elitigation.sg/gd/s/2024_SGCA_8
[2024] SGHC 73,"In 1995, he was convicted of two charges of theft and fined $2,000.; The following year, he was convicted of theft in dwelling and imprisoned for six weeks.; In 1999, he was convicted of theft of motor vehicles and sentenced to two years' imprisonment.; Most importantly, later that year, he was convicted of aggravated rape and abetting aggravated rape and sentenced to 16 years' imprisonment and 24 strokes of the cane.",Orchard; Jurong,"{""Jurong"": 0.429, ""Orchard"": 1.0}","[{""location"": ""Jurong"", ""score"": 2.7, ""reason"": ""mention+incident_sentence+event_preposition"", ""sentence"": ""At the time of the offences, he was 38 years old and employed as a contract worker at Jurong Fishery Port.""}, {""location"": ""Orchard"", ""score"": 0.9, ""reason"": ""mention+event_preposition"", ""sentence"": ""After a while, the Accused realised that he had met the Victim before in clubs located in Orchard Towers.""}, {""location"": ""Orchard"", ""score"": 0.9, ""reason"": ""mention+event_preposition"", ""sentence"": ""34 It was only in the statement he gave to IO Christine Tai on 10 January 2018 that he stated for the first time that he had previously met the Victim, sometime in July or August 2016, at a club in Orchard Towers.""}, {""location"": ""Orchard"", ""score"": 0.9, ""reason"": ""mention+event_preposition"", ""sentence"": ""He added that they became friends and met again on two or three more occasions, on Sundays, at various clubs in Orchard Towers, and they even checked into Hoover Hotel to have consensual sex on a Sunday sometime in late ""}, {""location"": ""Orchard"", ""score"": 0.9, ""reason"": ""mention+event_preposition"", ""sentence"": ""37 The Accused called three witnesses whom he alleged were present when the Accused first met the Victim at the club in Orchard Towers.""}, {""location"": ""Orchard"", ""score"": 0.9, ""reason"": ""mention+event_preposition"", ""sentence"": ""The third witness (DW 3 Shatish s/o Arjunan) testified that the Accused would always be with two Indonesian ladies in the clubs in Orchard Towers.""}, {""location"": ""Orchard"", ""score"": 0.9, ""reason"": ""mention+event_preposition"", ""sentence"": ""This may well be true, but it is a very far stretch to suggest that, just because the Victim had visited some Orchard Road shopping malls, she must have or would have also been to the clubs at Orchard Towers.""}, {""location"": ""Orchard"", ""score"": 0.9, ""reason"": ""mention+event_preposition"", ""sentence"": ""This may well be true, but it is a very far stretch to suggest that, just because the Victim had visited some Orchard Road shopping malls, she must have or would have also been to the clubs at Orchard Towers.""}]","Offences — House-trespass, Offences — Sexual offences, Offences — Personating a public servant",2024,https://www.elitigation.sg/gd/s/2024_SGHC_73
[2024] SGHC 66,5 The appellant pleaded guilty to an offence under s 6( a ) of the Prevention of Corruption Act 1960 for corruptly attempting to obtain gratification in the form of sexual services from a social escort.,,{},[],Statutory offences — Prevention of Corruption Act 1960 — Corruptly attempting to obtain gratification,2024,https://www.elitigation.sg/gd/s/2024_SGHC_66
[2024] SGCA 6,,,{},[],Statutory Offences — Misuse of Drugs Act,2024,https://www.elitigation.sg/gd/s/2024_SGCA_6
[2024] SGHC 25,"The Accused was charged with doing a negligent act at work ( viz , by allowing the Deceased and a few other workers to carry out electrical works unsupervised on the de-energised Incident Cable without ensuring that the Incident Cable remained de-energised).",,{},[],Statutory offences — Workplace Safety and Health Act,2024,https://www.elitigation.sg/gd/s/2024_SGHC_25
[2024] SGHC 23,,Changi,"{""Changi"": 1.0}","[{""location"": ""Changi"", ""score"": 0.9, ""reason"": ""mention+event_preposition"", ""sentence"": ""10 On 4 October 2022, following the discovery of the horns, the Respondent was arrested at Changi Airport Terminal 1 Arrival Hall (SOAF at [8] and [14]\u2013[15]).""}]",Offences — Endangered species — Assisting another to retain benefits from criminal conduct,2024,https://www.elitigation.sg/gd/s/2024_SGHC_23
[2024] SGHC 12,"22 The PDJ applied the two-stage sentencing framework for work pass offences under s 22(1)( d ) of the EFMA as set out in Chiew Kok Chai , noting that the predominant sentencing consideration for an offence under s 22(1)( d ) of the EFMA is ""one of deterren...; However, that case concerned an offence under s 47 read with s 59 of the Corruption, Drug Trafficking and Other Serious Crimes (Confiscation of Benefits) Act (Cap 65A, 2000 Rev Ed), which does not engage the same policy considerations as the EFMA.; 29 As for the case of Public Prosecutor v Fan Qiuyun [2012] SGDC 140 where the court imposed a fine for an offence under s 22(1)( d ) of the EFMA (raised by the Appellant at paras 55–59 of the AWS), this case has since been superseded by Chiew Kok Chai .",,{},[],"Appeal, Statutory offences — Employment of Foreign Manpower Act",2024,https://www.elitigation.sg/gd/s/2024_SGHC_12
[2024] SGHC 4,"At the conclusion of the trial, the appellants were each found guilty and convicted of a charge under s 147 of the Penal Code.; 130 The parties were then invited to submit on the appropriate sentences for the altered charges which the Appellants were convicted of.; 131 In contrast, the Prosecution submitted that short custodial sentences ought to be imposed for each of the altered charges which the Appellants were convicted of.; 132 In arriving at the appropriate sentences for the altered charges which the Appellants were convicted of, I considered the following: 133 Having considered the aggravating factors alongside the minor nature of the injuries sustained by the Victims, I was...; They were convicted of the altered charges, and fines were imposed for each of the altered charges.",,{},[],"Offences — Unlawful assembly — Common object, Offences — Section 147 of the Penal Code (Cap 224, 2008 Rev Ed)",2024,https://www.elitigation.sg/gd/s/2024_SGHC_4
[2024] SGHC 2,"The charges he was convicted of relate to the excise duty, GST and ARF payable on nine imported vehicles.",,{},[],Statutory offences — Customs Act,2024,https://www.elitigation.sg/gd/s/2024_SGHC_2
[2024] SGHC 3,"This is an offence under s 5(1)( a ) read with s 5(2) of the Misuse of Drugs Act (Cap 185, 2008 Rev Ed) (""the MDA"").",Tampines,"{""Tampines"": 1.0}","[{""location"": ""Tampines"", ""score"": 0.9, ""reason"": ""mention+event_preposition"", ""sentence"": ""9 Thereafter, the CNB officers escorted Mr Lim to his residence in Tampines (\""the Unit\"").""}]",,2024,https://www.elitigation.sg/gd/s/2024_SGHC_3
[2025] SGHC 265,"1 On 27 October 2025, DFG (the ""first accused"") and Albao Shiela Marie Ibales (the ""second accused"") plead guilty to and were convicted of, respectively, committing and abetting multiple charges of rape against the first accused's daughter.",,{},[],Offences — Rape,2025,https://www.elitigation.sg/gd/s/2025_SGHC_265
[2025] SGHC 264,,,{},[],Offences — Rape,2025,https://www.elitigation.sg/gd/s/2025_SGHC_264
[2025] SGHC 262,100 The accused was accordingly convicted of the charges.,,{},[],"Offences — Rape, Offences — Outrage of modesty",2025,https://www.elitigation.sg/gd/s/2025_SGHC_262
[2025] SGHC 260,"This is an offence under s 375(1)( a ) read with s 511(1) of the Penal Code 1871 (2020 Rev Ed) (""Penal Code"") (""attempted rape charge"").; 35 As alluded to at [3] above, upon being convicted of the four proceeded charges, the Accused admitted to the TIC charges, and consented to have them be taken into consideration for the purpose of sentencing.",,{},[],"Offences — Attempted rape, Offences — Property — Criminal trespass",2025,https://www.elitigation.sg/gd/s/2025_SGHC_260
[2025] SGHC 249,"In that case, the offender was convicted of six charges for illegal money lending and sentenced by the district court in aggregate to 60 months' imprisonment, $480,000 in fines and six strokes of the cane (comprising one stroke for each of the six charges).; In the present case, a consideration of the ""overall gravity"" of the Accused's criminal conduct would involve an examination of the facts concerning the four offences he was charged with, including how these offences relate to each other.",Clementi,"{""Clementi"": 1.0}","[{""location"": ""Clementi"", ""score"": 0.9, ""reason"": ""mention+event_preposition"", ""sentence"": ""22 At Clementi NPC, the Complainant spoke to several police officers, including PW9 Station Inspector Lim Chew Boon (\""PW9 SI Lim\"").""}]",Offences — Sexual offences,2025,https://www.elitigation.sg/gd/s/2025_SGHC_249
[2025] SGHC 242,"In doing so, he purportedly gave the false answers that are the subject of the two charges he has been convicted of under s 31( q ) read with s 36(1)( b ) of the Parliament (Privileges, Immunities and Powers) Act (Cap 217, 2000 Rev Ed) (the "" PPIPA"").; 58 Similarly, in Foong Seow Ngui and others v Public Prosecutor [1995] 3 SLR(R) 254, the three appellants were convicted of joint possession of controlled drugs for the purpose of trafficking with common intention.",,{},[],"Statutory offences — Parliament (Privileges, Immunities and Powers) Act 1962",2025,https://www.elitigation.sg/gd/s/2025_SGHC_242
[2025] SGHC 238,"3 The following charges were tendered against the Appellant: 4 The Appellant was convicted of all three charges after a trial.; I first set out the salient parts of the charge: The portion of the charge emphasised in bold reflects the particulars of the Appellant's statement to MOM that he is charged with having stated, knowing that it was false.; I set out the salient parts of the charge: The portion of the charge emphasised in bold and underline are the particulars of the Appellant's MOM statement that he is charged with having stated, knowing that it was false.",,{},[],Statutory offences — Work Injury Compensation Act,2025,https://www.elitigation.sg/gd/s/2025_SGHC_238
[2025] SGCA 55,"For the Ice found in F1B1 recovered from the Subaru, he claimed he should only be charged with possession because he was merely a bailee for those drugs.; Alternatively, since he did not know what Suhaimi intended to do with the Ice in F1B1, the charge against him should be for an offence under s 5(1) read with s 12 of the MDA for doing an act preparatory to the commission of the offence of trafficking by Suh...; 34 In Mohamed Affandi , Mohamed Affandi bin Rosli (""Affandi"") was convicted of possessing drugs for the purpose of trafficking while Mohamad Fadzli bin Ahmad was convicted of abetting by instigating Affandi to commit the offence.; 118 Suhaimi was charged with abetting Izwan to traffic in heroin, an offence under s 5(1) read with s 12 of the MDA.; Izwan contends that the Judge erred in focusing on the question whether the charges gave him sufficient notice of the offence that he was charged with.",,{},[],Statutory offences — Misuse of Drugs Act,2025,https://www.elitigation.sg/gd/s/2025_SGCA_55
[2025] SGHC 231,"1 On 22 September 2025, I convicted the accused, a 42-year-old Singaporean male, on one count of rape, an offence under s 375(1)( a ) punishable under s 375(2) of the Penal Code (Cap 224, 2008 Rev Ed) (the ""PC"").; 32 Under s 359(1)( a ) of the Criminal Procedure Code 2010 (2020 Rev Ed), the court before which an offender is convicted of any offence must, after the conviction, decide whether to order the payment of compensation.",,{},[],Offences — Rape,2025,https://www.elitigation.sg/gd/s/2025_SGHC_231
[2025] SGHC 225,"13 In sentencing the appellant, the DJ recognised that deterrence was the dominant sentencing consideration for an offence under s 5(3) of the PSA.; 34 Next, the appellant argued that he should not have been convicted of his offence as the other parties to the Transactions had not been charged with an offence.",,{},[],,2025,https://www.elitigation.sg/gd/s/2025_SGHC_225
[2025] SGHC 219,"This would have certainly been more fear-inducing than spousal disapproval, which in any event would be inevitable once he was charged with rape.",,{},[],Offences — Rape,2025,https://www.elitigation.sg/gd/s/2025_SGHC_219
[2025] SGHC 216,"The two amended charges read: 3 The essence of the appeal concerned the definition of fraud and the requisite mens rea to prove an offence under s 201( b ) of the SFA.; Correspondingly, the requisite mens rea for an offence under s 201( b ) of the SFA would be satisfied where the offender had a dishonest or blameworthy state of mind.; However, they disagreed on the specific mens rea needed for an offence under s 201( b ) of the SFA to be made out.",,{},[],Statutory offences — Securities and Futures Act — Act likely to operate as a fraud,2025,https://www.elitigation.sg/gd/s/2025_SGHC_216
[2025] SGCA 49,"We next address one other preliminary objection to the framing of the Conspiracy Charges, which is that the Appellants should have been charged with a single offence relating to a single conspiracy and not with multiple charges relating to multiple conspira...; As the Appellants explained in their oral submissions, these arguments are rooted in ss 124(1) and 125 of the Criminal Procedure Code 2010 (2020 Rev Ed) (the ""CPC""), which require the charge to contain certain details as are reasonably sufficient to give an...; This is borne out by the plain words of s 120B, which punishes persons who are party to a criminal conspiracy: 18 It necessarily follows, in our view, that the offence under s 120B continues for such time as the offender remains a party to the criminal cons...; In Khoo Ban Hock, several foreign nationals had been charged with being parties to a criminal conspiracy under s 120A of the Bruneian Penal Code.; As such, the court held that the accused persons could be charged with the offence of being party to a criminal conspiracy so long as they continued to be party to it while they were in Brunei , even if they might have first entered into the agreement outsi...",,{},[],"Appeal, Statutory offences — Securities and Futures Act",2025,https://www.elitigation.sg/gd/s/2025_SGCA_49
[2025] SGHC 197,,,{},[],"Offences — Murder, General exceptions — Intoxication, Special exceptions — Sudden fight",2025,https://www.elitigation.sg/gd/s/2025_SGHC_197
[2025] SGCA 44,"11 The Appellant was eventually charged with murder under s 300( c ) read with s 302(2) of the Penal Code for having inflicted multiple stab wounds on the Deceased with a knife, with the intention of causing those injuries, which injuries were sufficient in...",,{},[],"Offences — Murder, Defences — Diminished responsibility, Defences — Grave and sudden provocation, Offences — Culpable homicide not amounting to murder",2025,https://www.elitigation.sg/gd/s/2025_SGCA_44
[2025] SGHC 179,"As there is a dearth of cases which relate to the sentencing of offenders under s 16(1)( b ) read with ss 20 and 48(1) of the WSHA, we invited Ms Whang to address us on the following question: what is the appropriate sentencing approach for an offence under...; For instance, he accepts that the following factors are relevant when determining an officer's culpability for an offence under s 48(1) of the WSHA: 26 However, the respondent disagrees with the manner in which the officer's role should be considered in the...; 29 The second case cited by Ms Whang is Public Prosecutor v Tan Seo Whatt Albert and another appeal [2019] 5 SLR 654 ("" Albert Tan ""), which concerned an offence under s 331(3A) read with s 240(1) of the SFA.; 33 The third case that Ms Whang relies on is Public Prosecutor v Zheng Jia [2025] 3 SLR 1290 ("" Zheng Jia ""), which concerned an offence under s 157(1) of the Companies Act (Cap 50, 2006 Rev Ed).; 55 Drawing the different strands of the preceding analysis together, we summarise the applicable sentencing approach when sentencing an officer of a company for an offence under s 16(1)( b ) read with ss 20 and 48(1) of the WSHA.",,{},[],Statutory Offences — Workplace Safety and Health Act 2006,2025,https://www.elitigation.sg/gd/s/2025_SGHC_179
[2025] SGCA 40,"They were each convicted of an offence of drug trafficking under s 5 of the MDA and subsequently sentenced to the mandatory death penalty.; The MDA Presumptions impose the burden on the accused person to disprove the relevant presumed fact – which forms an element of the offence that he or she is charged with – on the balance of probabilities.; This creates a differentia between, on the one hand, accused persons charged with drug offences that can be made out in part by invoking the MDA Presumptions and, on the other hand, accused persons charged with other criminal offences where life and liberty...",,{},[],Statutory Offences — Misuse of Drugs Act — Presumptions — Sections 17 and 18,2025,https://www.elitigation.sg/gd/s/2025_SGCA_40
[2025] SGHC 167,"1 This judgment concerns three appeals which raise the common and novel issue of the appropriate sentencing approach for offenders convicted of one or more offences amalgamated under s 124(4) of the Criminal Procedure Code 2010 (2020 Rev Ed) (the ""CPC"").; Section 124(8)( a ) (ii) provides that where an accused is convicted of an amalgamated charge under s 124(4), the maximum prescribed punishment is double the punishment prescribed for the offence.; 3 In this judgment, we set out our decision on the appeals and state the appropriate sentencing approach for offenders convicted of offences amalgamated under s 124(4) of the CPC.; In support of his submission, Mr Kwong referred to the relevant portion in Ministry of Law, ""Public Consultation on Proposed Amendments to the Criminal Procedure Code and Evidence Act"" (24 July 2017) (the ""Public Consultation""), set out in full as follows: ...; In our view, these four conditions generally serve to provide sufficient notice to the accused of the conduct that he has been charged with.",,{},[],Appeal,2025,https://www.elitigation.sg/gd/s/2025_SGHC_167
[2025] SGHC 165,"1 After a trial in the District Court, the appellant, Mr Naresh Kumar s/o Nagesvaran, was convicted on one charge of failing to fulfil his liability by not returning to Singapore before the expiry of his exit permit, an offence under s 32(2) read with s 33(...; Section 26H(4) states that ""It is a defence for any person charged with a strict liability offence to prove that in committing all the acts or omissions that are physical elements of the offence, he exercised reasonable care"".; 105 The amendments made by the DJ on 18 May 2023 and 4 August 2023 were intended to remove extraneous elements in the charge which were not the ingredients of an offence under s 32(2) of the EA.; The DJ noted that the amendments merely removed the references to the appellant being a person subject to the EA and liable to register under the EA as these were not necessary elements of the offence under s 32(2) of the E A .; None of the three offenders there was charged with the offence of not returning to Singapore after the expiry of an exit permit under s 32(2) of the EA.",Jurong,"{""Jurong"": 1.0}","[{""location"": ""Jurong"", ""score"": 1.4, ""reason"": ""mention+legal_process_sentence+incident_sentence"", ""sentence"": ""In his view, it was no defence for the appellant to show he had an honest belief that he could remain overseas without a valid exit permit because an honest belief would not suffice to evade liability for a strict liabil""}]",,2025,https://www.elitigation.sg/gd/s/2025_SGHC_165
[2025] SGHC 157,"PW8 also denied that the complainant was told what the accused was charged with when the Third Statement was recorded.; 172 The relevant sentencing bands for an offence under s 354(1) of the PC ( ie , the offence underlying the fourth charge) can be found in Kunasekaran (at [ 49]), and neatly summarised in the GD (at [135]): 200 Foot Note 200 × ROP at pp 621–622.",,{},[],Offences — Outrage of modesty,2025,https://www.elitigation.sg/gd/s/2025_SGHC_157
[2025] SGHC 158,,,{},[],Statutory offences — Protection from Harassment Act,2025,https://www.elitigation.sg/gd/s/2025_SGHC_158
[2025] SGCA 38,"1 The Appellant was convicted on two charges of sexually assaulting his wife (""the Complainant"") by digital penetration, offences under s 376(2)(a) of the Penal Code (Cap 224, 2008 Rev Ed) (the ""Penal Code""), punishable under s 376(3) of the Penal Code (the...",,{},[],"Offences — Obstructing the course of justice under s 204A(b) of the Penal Code (Cap 224, 2008 Rev Ed), Offences — Sexual offences — Sexual assault involving penetration under s 376(2)(a) of the Penal Code (Cap 224, 2008 Rev Ed)",2025,https://www.elitigation.sg/gd/s/2025_SGCA_38
[2025] SGHC 140,"Relatedly, the Sexual Offences Charges levied against DGI are also ""reasonably sufficient to give [DGI] notice of what [he] is charged with"", in accordance with s 124(1) of the Criminal Procedure Code 2010 (2020 Rev Ed), 449 Foot Note 449 × Cf 2DCS at para 64.; Indeed, DGI has, throughout proceedings, perfectly understood what he has been charged with, and has even advanced a positive defence against his charges.; 259 Section 377BD(1)( b ) of the PC reads as follows: 260 Section 377BE(5) of the PC defines ""intimate image"" as follows: 261 Further, s 377BD(4) clarifies that for the purposes of s 377BD(1) of the PC: 262 Notwithstanding the above, s 377BD(1)( b ) of the ...; 276 For all of the reasons above, I convict DGH and DGI of the charges they have respectively been charged with.",,{},[],"Offences — Rape, Offences — Sexual offences, Offences — Outrage of modesty, Offences — Sexual assault by penetration, Offences — Obstructing the course of justice",2025,https://www.elitigation.sg/gd/s/2025_SGHC_140
[2025] SGHC 134,"38 In respect of the Appellant's claims that he did not know that Wang and Chan were secret society members at the material time, the Prosecution pointed out that: 39 In respect of sentence, the Prosecution submitted that: 40 The provisions of the PCA relev...; Further, no weight should be placed on the lack of antecedents where the offender is charged with multiple offences, unless the series of offences arose from a single incident: Janardana Jayasankarr v Public Prosecutor [2016] 4 SLR 1288 at [18].; 93 However, as was held by the Court of Appeal in ADF v Public Prosecutor and another appeal [2010] 1 SLR 874 ("" ADF "") ( at [146]): 94 ADF was applied in Public Prosecutor v Tay Sheo Tang Elvilin [2011] 4 SLR 206 ("" Elvilin "") , where a police officer was ...; I was satisfied that the overall criminality of the Appellant's conduct was higher than that of the offender in Elvilin , given that he was convicted of ten charges, seven of which were under the PCA.",Ang Mo Kio,"{""Ang Mo Kio"": 1.0}","[{""location"": ""Ang Mo Kio"", ""score"": 0.9, ""reason"": ""mention+event_preposition"", ""sentence"": ""In essence, the Appellant claimed that he (a) did not know that Wang and Chan were secret society members; (b) would not have known about the SSB's intention to detain Wang because he did not have access to information r""}]","Offences — Section 204A Penal Code (Cap 224, 2008 Rev Ed), Offences — Section 6(a) Prevention of Corruption Act (Cap 241, 1993 Rev Ed)",2025,https://www.elitigation.sg/gd/s/2025_SGHC_134
[2025] SGHC 133,"2 In the court below, the offender pleaded guilty to three charges of animal cruelty, which is an offence under s 42(1)( d ) punishable under s 42(4)( b )( i) of the ABA.; It was the express view of Parliament that ""the magnitude of penalty should provide sufficient deterrent as well as punish those who are convicted of committing acts of animal cruelty"" (Singapore Parl Debates; Vol 92, Sitting No 17; Page 111; [4 November 20...",Ang Mo Kio,"{""Ang Mo Kio"": 1.0}","[{""location"": ""Ang Mo Kio"", ""score"": 2.1, ""reason"": ""mention+incident_sentence"", ""sentence"": ""6 On 18 April 2020, at about 1.48am, the Respondent abducted a cat (\""E2\"") from Block 544 Ang Mo Kio Avenue 10 and sealed it in a waterproof bag for an unknown duration, 19 Foot Note 19 \u00d7 GD at [26(a)], ROA at p 99.""}, {""location"": ""Ang Mo Kio"", ""score"": 2.1, ""reason"": ""mention+incident_sentence"", ""sentence"": ""Just an hour earlier, at about 3.30am, the Respondent abducted a cat (\""E4\"") from Block 572 Ang Mo Kio Avenue 3 (\""Block 572\"").""}, {""location"": ""Ang Mo Kio"", ""score"": 2.1, ""reason"": ""mention+incident_sentence"", ""sentence"": ""8 Less than a month later, on 15 May 2020, at about 3.30am, the Respondent abducted another cat (\""E3\"") at the void deck of Block 645 Ang Mo Kio Avenue 6 (\""Block 645\"").""}]",,2025,https://www.elitigation.sg/gd/s/2025_SGHC_133
[2025] SGHC 121,"1 In the court below, the Respondent pleaded guilty to and was convicted of two offences under s 5(1)( a ) punishable under s 5(2) of the Endangered Species (Import and Export) Act 2006 (2020 Rev Ed) (""ESA"").; In Hong Leong Finance Ltd v Public Prosecutor [2004] 4 SLR(R) 475 ("" Hong Leong "") , the court considered an offence under s 23(2) of the Wholesome Meat and Fish Act (Cap 349A, 2000 Rev Ed) to be ""serious"" (at [27]).",,{},[],,2025,https://www.elitigation.sg/gd/s/2025_SGHC_121
[2025] SGHC 116,"2 Upon the appellant's conviction for the OM Offence, the appellant pleaded guilty to one charge each of voluntarily causing hurt (DAC-917902-2023) punishable under section 323 of the Penal Code 1871 (2020 Rev Ed) (the ""VCH Offence"") and storing duty unpaid...",,{},[],Offences — Outrage of modesty,2025,https://www.elitigation.sg/gd/s/2025_SGHC_116
[2025] SGHC 117,"1 The accused in this case (the ""Accused"") was charged with the rape and sexual assault of his stepdaughter (the ""Complainant"") over a period of seven months, when she was between 13 and 14 years of age.; He claimed trial to the following eight charges, which involved offences allegedly committed between March and September 2021: 1st Charge sometime between 4 September 2021 and 12 September 2021, at [address redacted] did penetrate with your penis the vagina...; 2nd Charge sometime in March 2021, at [address redacted] did sexually penetrate, with your finger, the vagina of [the Complainant] (female, then 13 years old, D.O.B: 14 April 2007), a person below 14 years of age, without her consent, when you were in a rel...; 3rd Charge sometime between April and May 2021, at [address redacted] did penetrate with your penis the vagina of [the Complainant] (female, then 13-14 years old, D.O.B: 14 April 2007), without her consent, and you have thereby committed an offence under s ...; 4th Charge sometime between June and July 2021, at [address redacted] did penetrate with your penis the vagina of [the Complainant] (female, then 14 years old, D.O.B: 14 April 2007), without her consent, and you have thereby committed an offence under s 375...",,{},[],Offences — Sexual offences,2025,https://www.elitigation.sg/gd/s/2025_SGHC_117
[2025] SGHC 106,"1st charge That you, [CFE], sometime between 11.50pm on 5 January 2020 and 12.20am on 6 January 2020, in [address redacted], being a member of the employer's household of a domestic worker, namely, [the Complainant] (female/then 35 years old), did penetrate...; 2nd charge That you, [CFE], sometime between 11.50pm on 5 January 2020 and 12.20am on 6 January 2020, in [address redacted], being a member of the employer's household of a domestic worker, namely [the Complainant] (female/then 35 years old), did sexually p...; 4th charge That you, [CFE], sometime between 11.50pm on 5 January 2020 and 12.15am on 6 January 2020, in [address redacted], being a member of the employer's household of a domestic worker, namely, [the Complainant] (female/then 35 years old), did penetrate...",Tampines,"{""Tampines"": 1.0}","[{""location"": ""Tampines"", ""score"": 2.7, ""reason"": ""mention+incident_sentence+event_preposition"", ""sentence"": ""According to the Accused, while he was alone with DSP Yue in a waiting room at Tampines NPC on 9 January 2020, DSP Yue had told him, \""What you have done is a very serious offence, and based on your age, you will be in th""}, {""location"": ""Tampines"", ""score"": 2.7, ""reason"": ""mention+incident_sentence+event_preposition"", ""sentence"": ""63 On 9 January 2020, after being informed of a report of rape made at Tampines NPC, DSP Yue went to Tampines NPC to gather some facts about the case.""}, {""location"": ""Tampines"", ""score"": 2.7, ""reason"": ""mention+incident_sentence+event_preposition"", ""sentence"": ""63 On 9 January 2020, after being informed of a report of rape made at Tampines NPC, DSP Yue went to Tampines NPC to gather some facts about the case.""}, {""location"": ""Tampines"", ""score"": 0.9, ""reason"": ""mention+event_preposition"", ""sentence"": ""49 Sometime between 11am and 11.30am on 9 January 2020, [D1], [D2], and the Complainant arrived at Tampines NPC.""}, {""location"": ""Tampines"", ""score"": 0.9, ""reason"": ""mention+event_preposition"", ""sentence"": ""On the same day, the police also interviewed the Accused briefly at Tampines NPC.""}, {""location"": ""Tampines"", ""score"": 0.9, ""reason"": ""mention+event_preposition"", ""sentence"": ""The Accused claimed that on 9 January 2020, while the Accused was alone with DSP Liao in an interview room at Tampines NPC, DSP Liao had said to him, \""You are in serious trouble, and you will be in there for the rest of ""}, {""location"": ""Tampines"", ""score"": 0.9, ""reason"": ""mention+event_preposition"", ""sentence"": ""At Tampines NPC, DSP Yue conducted a short interview with the Accused in an interview room.""}, {""location"": ""Tampines"", ""score"": 0.9, ""reason"": ""mention+event_preposition"", ""sentence"": ""70 In cross-examining DSP Liao, the Accused put it to DSP Liao that during the interview at Tampines NPC on 9 January 2020, it was DSP Liao who had told him, \""You are in serious trouble, and you will be there for the res""}, {""location"": ""Tampines"", ""score"": 0.9, ""reason"": ""mention+event_preposition"", ""sentence"": ""72 DSP Fadzridin testified that on 9 January 2020, he and DSP Liao had briefly interviewed the Accused at Tampines NPC.""}, {""location"": ""Tampines"", ""score"": 0.9, ""reason"": ""mention+event_preposition"", ""sentence"": ""75 According to the Accused, the words spoken to him by DSP Yue at Tampines NPC kept \""flash[ing]\"" through his mind during the subsequent VRIs conducted by IO Gan.""}]",Offences — Sexual offences,2025,https://www.elitigation.sg/gd/s/2025_SGHC_106
[2025] SGHC 101,,Changi,"{""Changi"": 1.0}","[{""location"": ""Changi"", ""score"": 0.9, ""reason"": ""mention+event_preposition"", ""sentence"": ""Xi agreed in the hope that Foo would expedite the respondent's final payment claims in projects T221 and T216 as well as help the respondent to win the tender for LTA project T316, a project for construction works at Cha""}]",Offences — Corruption,2025,https://www.elitigation.sg/gd/s/2025_SGHC_101
[2025] SGHC 100,"1 The accused, a 22-year-old male Singaporean, pleaded guilty to one charge of penile-vaginal rape, an offence under s 375(1)( a ) of the Penal Code 1871 (2020 Rev Ed) (the ""Penal Code"").; Raden chose to claim trial while Al'Amin pleaded guilty to his proceeded charge of penile-oral rape, an offence under s 375(1A)( a ) of the Penal Code punishable under s 375(2) of the Penal Code.",,{},[],Offences — Rape,2025,https://www.elitigation.sg/gd/s/2025_SGHC_100
[2025] SGHC 102,"Further, had the accused been charged with the digital penetration offence, it was clear that he would have conducted his defence differently (at [124]).; Parenthetically, there is no suggestion by the appellant that the charge fails to give sufficient notice of what he is charged with as required under s 125 of the CPC.",,{},[],"Appeal, Offences — Outrage of modesty",2025,https://www.elitigation.sg/gd/s/2025_SGHC_102
[2025] SGHC 90,"1 This is an appeal against sentence by Mr Rajavikraman s/o Jayapandian (""Mr Rajavikraman""), who pleaded guilty to, and was convicted of, the following 16 offences (the ""Proceeded Charges""): 1 Foot Note 1 × Record of Appeal (""ROA"") at pp 5−7.; Finally, at step 5, where an offender has been convicted of multiple charges, the court will consider the need to make further adjustments to take into account the totality principle ( Goh Ngak Eng at [104]).; 124 As the Prosecution highlights, since the GD was released on 30 August 2024, the Court of Appeal has, in Clarence Chang (at [61]) held that when an accused person has been convicted of two or more offences for the acceptance of gratification under the PC...; Serious injustice would otherwise result because, as explained by the Court of Appeal in Clarence Chang (at [53]−[54]), the imposition of a single global penalty order instead of multiple penalty orders corresponding to each PCA charge may create a perverse...",,{},[],Statutory offences — Prevention of Corruption Act,2025,https://www.elitigation.sg/gd/s/2025_SGHC_90
[2025] SGHC 81,"The first charge is for sexual activity in the presence of a minor (the ""masturbation charge""), an offence under s 376ED(1) punishable under s 376ED(3)( b ) of the Penal Code 1871 (2020 Rev Ed) (""PC"").; The second charge is for sexual assault by penetration (the ""SAP charge""), an offence under s 376(1)( b ) punishable under s 376(3) of the PC.",,{},[],,2025,https://www.elitigation.sg/gd/s/2025_SGHC_81
[2025] SGHC 78,,,{},[],Offences — Attempted murder,2025,https://www.elitigation.sg/gd/s/2025_SGHC_78
[2025] SGCA 18,,,{},[],Offences — Rape,2025,https://www.elitigation.sg/gd/s/2025_SGCA_18
[2025] SGHC 76,"1 This appeal concerned the sentencing of a director convicted of breaching his duty to act with reasonable diligence under s 157(1) of the Companies Act (Cap 50, 2006 Rev Ed) (the ""CA"").; On the basis that the transfer of these moneys was attributable to his neglect as an officer of WEL, the appellant was charged with six counts under s 47(1)( b ) of the Corruption, Drug Trafficking and Other Serious Crimes (Confiscation of Benefits) Act (Ca...; Following a trial in the District Court, the appellant was convicted of all seven charges and sentenced to an aggregate imprisonment term of 26 months and four weeks.; 40 In any case, as regards the offence under s 157(1) of the CA, we have summarised the learned judge's decision on the applicable sentencing framework at [22] above.",,{},[],Appeal,2025,https://www.elitigation.sg/gd/s/2025_SGHC_76
[2025] SGHC 71,"21 As stated earlier, the Court of Appeal in CPS elaborated that, as a broad heuristic, if a youthful offender of mature age and understanding has been convicted of rape, rehabilitation will usually be displaced as the dominant sentencing consideration (sav...",,{},[],,2025,https://www.elitigation.sg/gd/s/2025_SGHC_71
[2025] SGHC 57,"1 The appellant was convicted after a trial in the District Court of abetting the commission of an offence under s 57C(1) of the Immigration Act (Cap 133, Rev Ed 2008) (the ""Immigration Act"").; This was itself an offence under s 57C(1) of the Immigration Act read with s 109 of the Penal Code (Cap 224, Rev Ed 2008) (the ""Penal Code"").; 5 Goh and Maia were each also charged with an offence under s 57C(1) of the Immigration Act for entering into a marriage of convenience with each other.; Beginning with Goh, the DJ was satisfied that all three elements of the offence under s 57C(1) of the Immigration Act had been proven against him: 8 The DJ was also satisfied that the appellant had abetted Goh by instigating him to commit the offence.; Moreover, the appellant had previously been convicted of a related offence under s 57(1)( k ) of the Immigration Act.",,{},[],,2025,https://www.elitigation.sg/gd/s/2025_SGHC_57
[2025] SGHC 69,"Teo argued that the 1st charge was essentially an attempt at committing the offence contemplated in the 8th charge, and therefore, Teo could only be convicted of either, but not both, of these two charges.; Third, and perhaps most significantly, an attempt to obtain gratification constitutes a completed offence under s 6( a ) of the PCA.",Jurong East; Jurong,"{""Jurong"": 1.0, ""Jurong East"": 1.0}","[{""location"": ""Jurong East"", ""score"": 0.9, ""reason"": ""mention+event_preposition"", ""sentence"": ""The PDJ found that Teo met Liang at Jurong East to collect his reward, that Liang had prepared money to buy the Apple iPhone for Teo before meeting him, and that Liang had passed Teo this money so that he could get the p""}, {""location"": ""Jurong"", ""score"": 0.9, ""reason"": ""mention+event_preposition"", ""sentence"": ""Specifically, while Teo did not dispute that he had met Liang for a dinner at Jurong, 123 Foot Note 123 \u00d7 Teo's AWS at [76].""}]",Appeal,2025,https://www.elitigation.sg/gd/s/2025_SGHC_69
[2025] SGHC 60,"He has thereby committed an offence under s 8( b )(ii) of the MDA.; Since 1 January 2020, pursuant to ss 171( d ) and 171( e ) of the Criminal Law Reform Act 2019 (Act 15 of 2019), the punishment for an offence under s 5(5)( b ) of the CYPA has doubled (from that under the Pre-2020 CYPA) to a fine not exceeding $8,000, or i...; 133 In AFR , the offender was originally charged with a count of murder, but eventually convicted of the offence of culpable homicide under s 304( b ) of the Penal Code (Cap 224, 2008 Rev Ed) (the ""then-PC"").; 135 In sentencing the offender, the Court of Appeal considered the following factors ( AFR at [12] and [23]−[34]): 136 The Court of Appeal's approach in AFR was adopted in DAN , which, like the present case, involved an offence under s 304( a ) of the PC ca...; 139 As stated above, in AFR , the offender was convicted of a single charge under s 304( b ) of the then-PC, which carrie d half the maximum sentence of the Culpable Homicide Charge faced by Wong.",,{},[],"Offences — Culpable homicide, Offences — Causing or allowing death of child, Statutory offences — Children and Young Persons Act, Offences — Disposal of corpse that impedes investigations",2025,https://www.elitigation.sg/gd/s/2025_SGHC_60
[2025] SGHC 56,"1 The Appellant claimed trial to a charge of engaging in a conspiracy to cheat and dishonestly induce a delivery of property, an offence under s 420 read with s 109 of the Penal Code 1871 (the ""PC"").",,{},[],,2025,https://www.elitigation.sg/gd/s/2025_SGHC_56
[2025] SGHC 55,"62 In Shoo Ah San , for example, the 65-year-old offender was charged with attempted murder under s 307(1)( b ) of the Penal Code.",Choa Chu Kang; Newton,"{""Choa Chu Kang"": 1.0, ""Newton"": 0.667}","[{""location"": ""Choa Chu Kang"", ""score"": 2.1, ""reason"": ""mention+incident_sentence"", ""sentence"": ""Both offences were committed by the Accused on 12 June 2021, sometime between 9.20pm and 9.35pm, at the void deck of Block 407 Choa Chu Kang Avenue 3, Singapore (\""Block 407\"").""}, {""location"": ""Newton"", ""score"": 1.4, ""reason"": ""mention+legal_process_sentence+incident_sentence"", ""sentence"": ""The Defence submits that no weight should be given either to Dr Cheok's original position, that there was no contributory link between the AD and the offences, or his revised opinion (as stated during the Newton hearing)""}]",Offences — Attempt to murder,2025,https://www.elitigation.sg/gd/s/2025_SGHC_55
[2025] SGHC 48,"The last TIC charge ( ie , the 8th Charge) was for driving without due care and attention, an offence under s 65(1) of the Road Traffic Act (Cap 276, 2004 Rev Ed) (""RTA"") and punishable under s 65(5) of the RTA.; While the Accused was charged with driving ""without due care and attention"", the charge referred to s 65(1)( b ) of the RTA, which is for the offence of driving ""without reasonable consideration"".; Third, I was satisfied that, notwithstanding the typographical error, the wording of the 8th Charge had adequately conveyed to the Accused (and his counsel), and the Accused understood, that he was being charged with the offence of driving ""without due care...; The sentences received by three other offenders from the Group were highlighted to me by the Prosecution: 56 At the outset, I observed that the parity principle had a more limited role to play in respect of Hong Sheng and Lew Wei as they were charged with d...; 59 Lastly, I also considered the fact that the Accused had been previously convicted of the more serious offence of rioting while armed with a deadly weapon.",Clementi,"{""Clementi"": 1.0}","[{""location"": ""Clementi"", ""score"": 0.9, ""reason"": ""mention+event_preposition"", ""sentence"": ""33 Sometime before 3.27am, the Accused drove the Van along the Pan Island Expressway (\""PIE\"") and \""thereafter exited the PIE and drove along Clementi Avenue 6\"".""}, {""location"": ""Clementi"", ""score"": 0.9, ""reason"": ""mention+event_preposition"", ""sentence"": ""While driving \""along Clementi Avenue 6 towards the Ayer Rajah Expressway, [the Accused] failed to have proper control of the Van, resulting in the Van veering to the right and to the left of the three-lane road, and moun""}]","Offences — Rioting, Statutory offences — Misuse of Drugs Act",2025,https://www.elitigation.sg/gd/s/2025_SGHC_48
[2025] SGHC 45,"While the DJ acknowledged that the respondent was last sentenced to 12 years' preventive detention and 12 strokes of the cane, he was mindful that the respondent was presently only charged with a single charge under s 8(1)( a )( i) of the CYPA.",,{},[],"Appeal, Offences — Sexual exploitation of a child",2025,https://www.elitigation.sg/gd/s/2025_SGHC_45
[2025] SGHC 38,"There, the accused person was charged with an offence under s 354(1) of the Penal Code for outraging the modesty of the complainant on a public bus.",,{},[],Appeal,2025,https://www.elitigation.sg/gd/s/2025_SGHC_38
[2025] SGHC 36,,Bedok; Changi,"{""Bedok"": 1.0, ""Changi"": 0.281}","[{""location"": ""Bedok"", ""score"": 1.4, ""reason"": ""mention+legal_process_sentence+incident_sentence"", ""sentence"": ""8 The crux of the Prosecution's case was the victim's testimony that the accused had sexually assaulted her during a 12-minute stop they had taken while on the way back to the Bedok Unit from the petrol kiosk.""}, {""location"": ""Bedok"", ""score"": 0.9, ""reason"": ""mention+event_preposition"", ""sentence"": ""The accused then drove his wife, the victim, and the victim's grandmother (\""PW13\"") in the Lorry to their relatives' house at Bedok (the \""Bedok Unit\"").""}, {""location"": ""Bedok"", ""score"": 0.9, ""reason"": ""mention+event_preposition"", ""sentence"": ""The accused then drove his wife, the victim, and the victim's grandmother (\""PW13\"") in the Lorry to their relatives' house at Bedok (the \""Bedok Unit\"").""}, {""location"": ""Changi"", ""score"": 0.9, ""reason"": ""mention+event_preposition"", ""sentence"": ""The evidence was thus absolutely clear where the Lorry was, and that it had indeed been parked along Changi South Avenue 2.""}]",Offences — Sexual offences,2025,https://www.elitigation.sg/gd/s/2025_SGHC_36
[2025] SGHC 37,,Woodlands,"{""Woodlands"": 1.0}","[{""location"": ""Woodlands"", ""score"": 0.9, ""reason"": ""mention+event_preposition"", ""sentence"": ""Prior to arriving at Lam Soon, the Accused first stopped in Woodlands, at a place referred to in the evidence as \""Block 806\"", where a person walked up to the Accused's car and left a white paper bag (the \""Paper Bag\"") on ""}]",Statutory offences — Misuse of Drugs Act,2025,https://www.elitigation.sg/gd/s/2025_SGHC_37
[2025] SGHC 33,"1 The Appellant claimed trial in the court below to one charge of outrage of modesty (the ""OM Charge""), an offence under s 354(1) of the Penal Code (Cap 224, 2008 Rev Ed) (""PC"").",,{},[],Statutory offences — Penal Code,2025,https://www.elitigation.sg/gd/s/2025_SGHC_33
[2025] SGHC 32,,,{},[],Appeal — Criminal Procedure Code 2010 (2020 Rev Ed) — Costs and compensation,2025,https://www.elitigation.sg/gd/s/2025_SGHC_32
[2025] SGHC 24,"2 Foot Note 2 × Prosecution's Further Submissions on Sentence dated 8 January 2025 at [6] In support of this proposition, the Prosecution points to the fact that there are currently no reported cases where an offender was sentenced for an offence under s 76...; 10 In contrast, there is a complete absence of judicial guidance as to how an offender should be sentenced for an offence under s 76 of the Companies Act.; 41 In a similar vein, I cannot agree with Mr Naidu's assertion that an offence under s 76 is regulatory in nature.; Instead, I agree with Mr Low that an offence under s 76 is constituted at the time the transaction was entered into, which necessarily means that the financial assistance may be provided to the person purchasing the company's shares before or after the shar...; I agree with the Prosecution that these would include, among other things, the following considerations: 43 Foot Note 43 × Prosecution's Further Submissions on Sentence dated 8 January 2025 at [51] 65 In cases where an offender has been convicted of multipl...",,{},[],"Appeal, Statutory offences — Penal Code",2025,https://www.elitigation.sg/gd/s/2025_SGHC_24
[2025] SGHC 18,"16 On 14 August 2019, following police investigations, the Appellant was issued a 24-month conditional warning in lieu of prosecution for an offence under s 298A( a ) of the Penal Code for the Rap Video.; 17 The Appellant was subsequently charged with knowingly attempting to promote on grounds of race, feelings of ill-will between different racial groups in Singapore, namely, the Chinese, the Indians and other racial groups in Singapore.; 38 As for the requisite mens rea to establish an offence under s 298A( a ) of the Penal Code, the Appellant submits that a malicious intent to promote racial hostility is required.",Orchard,"{""Orchard"": 1.0}","[{""location"": ""Orchard"", ""score"": 2.7, ""reason"": ""mention+incident_sentence+event_preposition"", ""sentence"": ""7 On 15 October 2020, the media reported that a 12-month conditional warning had been issued to one Chan Jia Xing (\""Chan\""), an offender involved in a case where a victim had died from stab wounds at Orchard Towers.""}]",,2025,https://www.elitigation.sg/gd/s/2025_SGHC_18
[2025] SGHC 2,"13 The Fifth Charge was for adducing the 19 January Declaration (which annexed the 15 June Trust Deed) as a true document in judicial proceedings, an offence under s 14(1)( b ) of the ODA.; 37 Section 23(1)( a ) of the RPA , as it was in force at the material times, reads as follows: 38 I accepted the Prosecution's submission that there are four material elements to an offence under s 23(1)( a ) of the RPA .; Even if this was put to one side, Mr Zhan's knowledge (or lack thereof) was immaterial to the offence under s 23(1)( a ) of the RPA.; Mr Tan had therefore committed an offence under s 193 of the PC, which reads as follows: 67 The gravity of this offence is clear from the mandatory imprisonment term that it carries.",,{},[],"Statutory offences — Residential Property Act (Cap 274, 1985 Rev Ed), Statutory offences — Penal Code (Cap 224, 2008 Rev Ed) — Provision of false evidence in judicial proceedings",2025,https://www.elitigation.sg/gd/s/2025_SGHC_2
